TotalAmountSpent,NumTransactions,ProductCategoryDiversity,NumInteractions,UnresolvedInteractions,InteractionTypeDiversity,AvgLoginFrequency,ChurnStatus,yearD,monthD,dayD,Mobile App,Online Banking,Website
0.1204594460109471,0.0,0.0,0.5,0.0,0.5,0.6874999999999999,0,0.0,0.0,0.0,1,0,0
0.4554237850389783,0.75,0.75,0.5,0.0,0.5,0.08333333333333333,1,0.0,0.0,0.0,0,0,1
0.5014987086226098,0.625,0.75,0.5,0.0,0.5,0.04166666666666667,0,0.0,0.0,0.0,0,0,1
0.26878717152809045,0.5,0.75,1.0,0.5,0.5,0.020833333333333332,0,0.0,0.0,0.0,0,0,1
0.5899136317323413,0.875,0.5,0.0,0.0,0.0,0.8333333333333333,0,0.0,0.0,0.0,0,0,1
0.3419454778096344,0.5,0.75,0.5,0.0,0.5,0.020833333333333332,0,0.0,0.0,0.0,0,0,1
0.022785702438215295,0.0,0.0,0.0,0.0,0.0,0.6458333333333333,0,0.0,0.0,0.0,1,0,0
0.6033575812146056,0.75,0.75,1.0,1.0,1.0,0.3333333333333333,1,0.0,0.0,0.0,0,1,0
0.3872473520839751,0.5,0.5,0.5,0.0,0.5,0.4791666666666667,0,0.0,0.0,0.0,0,0,1
0.41097789256687917,0.75,0.75,0.0,0.0,0.0,0.5833333333333333,1,0.0,0.0,0.0,0,1,0
0.5106360922209321,0.5,0.25,1.0,0.5,0.5,0.6041666666666666,0,0.0,0.0,0.0,0,1,0
0.022895291803900198,0.0,0.0,1.0,0.5,1.0,0.8749999999999999,0,0.0,0.0,0.0,0,0,1
0.113208776627254,0.25,0.5,0.5,0.0,0.5,0.18749999999999997,0,0.0,0.0,0.0,1,0,0
0.8393331042816862,1.0,0.75,1.0,0.5,1.0,0.5208333333333333,0,0.0,0.0,0.0,0,1,0
0.5640061133094804,0.875,1.0,1.0,1.0,1.0,0.8958333333333333,0,0.0,0.0,0.0,0,1,0
0.5953338625216217,1.0,0.75,1.0,0.0,0.5,0.8333333333333333,1,0.0,0.0,0.0,0,1,0
0.47848197995403174,0.75,1.0,1.0,0.5,0.5,0.14583333333333331,0,0.0,0.0,0.0,0,1,0
0.27888420254484286,0.5,0.5,0.5,0.5,0.5,0.7499999999999999,1,0.0,0.0,0.0,0,0,1
0.2983970333862522,0.5,0.5,1.0,1.0,0.5,0.7916666666666666,0,0.0,0.0,0.0,0,1,0
0.819269364737104,1.0,1.0,0.5,0.0,0.5,0.3125,0,0.0,0.0,0.0,0,0,1
0.2675224510105917,0.5,0.25,0.0,0.0,0.0,0.3541666666666667,0,0.0,0.0,0.0,0,0,1
0.46588216477501604,0.625,0.75,1.0,0.0,0.5,0.8541666666666666,0,0.0,0.0,0.0,1,0,0
0.43863587896595035,0.375,0.25,1.0,0.5,0.5,0.375,0,0.0,0.0,0.0,1,0,0
0.33570480771509137,0.5,0.75,0.5,0.0,0.5,0.22916666666666666,0,0.0,0.0,0.0,1,0,0
0.22361265786792411,0.25,0.25,0.5,0.0,0.5,0.5416666666666666,0,0.0,0.0,0.0,1,0,0
0.1664455133521314,0.25,0.5,0.5,0.0,0.5,0.9166666666666666,1,0.0,0.0,0.0,1,0,0
0.6518493945928014,0.875,1.0,0.5,0.5,0.5,0.4375,0,0.0,0.0,0.0,1,0,0
0.5012854536407364,0.625,0.5,1.0,1.0,1.0,0.8541666666666666,0,0.0,0.0,0.0,0,1,0
0.249766011894889,0.25,0.25,1.0,0.5,1.0,0.6874999999999999,0,0.0,0.0,0.0,0,0,1
0.2064012037058977,0.125,0.25,1.0,0.5,0.5,0.7708333333333333,0,0.0,0.0,0.0,0,0,1
0.3254389498376893,0.5,0.5,1.0,0.0,1.0,0.4583333333333333,0,0.0,0.0,0.0,0,1,0
0.3600810368931119,0.5,0.75,0.0,0.0,0.0,0.9791666666666666,0,0.0,0.0,0.0,1,0,0
0.20117053290050474,0.125,0.25,0.5,0.0,0.5,0.4791666666666667,1,0.0,0.0,0.0,1,0,0
0.5558254152548397,1.0,0.75,1.0,0.5,0.5,0.8958333333333333,0,0.0,0.0,0.0,0,1,0
0.22807620311352275,0.25,0.5,0.5,0.5,0.5,0.375,0,0.0,0.0,0.0,1,0,0
0.3885239201004669,0.625,0.75,0.5,0.0,0.5,0.10416666666666667,0,0.0,0.0,0.0,0,1,0
0.9350875530175581,1.0,0.75,0.5,0.0,0.5,0.04166666666666667,0,0.0,0.0,0.0,0,1,0
0.2562199369713054,0.25,0.25,0.5,0.0,0.5,0.9583333333333333,0,0.0,0.0,0.0,0,1,0
0.3501350614885198,0.5,0.5,0.0,0.0,0.0,0.5208333333333333,0,0.0,0.0,0.0,0,1,0
0.46458486363528667,0.75,0.5,0.5,0.0,0.5,0.3958333333333333,0,0.0,0.0,0.0,0,0,1
0.10467857735232095,0.125,0.25,0.5,0.5,0.5,0.7708333333333333,1,0.0,0.0,0.0,1,0,0
0.15425739876312114,0.25,0.25,0.0,0.0,0.0,0.18749999999999997,0,0.0,0.0,0.0,1,0,0
0.6527468426415184,0.75,0.75,1.0,0.5,0.5,0.49999999999999994,0,0.0,0.0,0.0,1,0,0
0.20082103168021231,0.25,0.25,0.5,0.5,0.5,0.7083333333333333,0,0.0,0.0,0.0,1,0,0
0.08607800393336969,0.0,0.0,0.5,0.5,0.5,0.9999999999999999,0,0.0,0.0,0.0,0,1,0
0.036984929981280945,0.0,0.0,0.0,0.0,0.0,0.4791666666666667,1,0.0,0.0,0.0,0,1,0
0.43141779020448784,0.75,1.0,0.0,0.0,0.0,0.4166666666666667,0,0.0,0.0,0.0,0,0,1
0.4701946544084544,0.75,1.0,0.0,0.0,0.0,0.6874999999999999,0,0.0,0.0,0.0,0,0,1
0.18709570409686518,0.25,0.5,0.0,0.0,0.0,0.3541666666666667,0,0.0,0.0,0.0,0,1,0
0.44570883586474896,0.375,0.5,1.0,1.0,1.0,0.375,0,0.0,0.0,0.0,0,1,0
0.15995900765348436,0.25,0.5,0.0,0.0,0.0,0.04166666666666667,1,0.0,0.0,0.0,1,0,0
0.11594258701988013,0.0,0.0,0.0,0.0,0.0,0.10416666666666667,0,0.0,0.0,0.0,1,0,0
0.3689133473923655,0.75,0.75,0.0,0.0,0.0,0.3958333333333333,0,0.0,0.0,0.0,1,0,0
0.13370198801033104,0.125,0.25,1.0,0.0,1.0,0.4375,0,0.0,0.0,0.0,0,1,0
0.33159668743928156,0.5,0.5,0.0,0.0,0.0,0.6666666666666666,0,0.0,0.0,0.0,0,0,1
0.4246321351562686,0.5,0.75,0.0,0.0,0.0,0.2708333333333333,0,0.0,0.0,0.0,1,0,0
0.17414342582280884,0.25,0.5,0.5,0.5,0.5,0.8958333333333333,0,0.0,0.0,0.0,0,1,0
0.6533954932113831,0.625,0.75,1.0,1.0,1.0,0.16666666666666666,0,0.0,0.0,0.0,0,1,0
0.08373516100751133,0.25,0.25,0.0,0.0,0.0,0.9166666666666666,0,0.0,0.0,0.0,0,1,0
0.22844643745705284,0.375,0.75,1.0,0.5,0.5,0.49999999999999994,0,0.0,0.0,0.0,1,0,0
0.19819977252801937,0.25,0.25,0.5,0.0,0.5,0.9583333333333333,1,0.0,0.0,0.0,0,0,1
0.24589484159893849,0.375,0.75,1.0,0.0,1.0,0.3125,0,0.0,0.0,0.0,1,0,0
0.6502233253560173,1.0,1.0,0.0,0.0,0.0,0.12499999999999999,0,0.0,0.0,0.0,1,0,0
0.28298047532165965,0.25,0.5,0.0,0.0,0.0,0.20833333333333331,0,0.0,0.0,0.0,0,1,0
0.39987974788522146,0.5,0.5,0.0,0.0,0.0,0.5416666666666666,0,0.0,0.0,0.0,1,0,0
0.41445809539606193,0.875,0.75,0.0,0.0,0.0,0.8124999999999999,0,0.0,0.0,0.0,0,1,0
0.2049498850792598,0.375,0.25,1.0,0.0,0.5,0.3333333333333333,0,0.0,0.0,0.0,0,1,0
0.259661635428761,0.375,0.75,1.0,1.0,1.0,0.08333333333333333,1,0.0,0.0,0.0,0,0,1
0.30469694097576006,0.375,0.5,0.5,0.0,0.5,0.5833333333333333,0,0.0,0.0,0.0,1,0,0
0.7239355022154823,0.75,0.75,0.0,0.0,0.0,0.18749999999999997,0,0.0,0.0,0.0,1,0,0
0.13766497642347703,0.25,0.25,1.0,0.5,1.0,0.9583333333333333,1,0.0,0.0,0.0,0,1,0
0.31709831054664367,0.625,0.5,1.0,0.5,0.5,0.49999999999999994,1,0.0,0.0,0.0,0,1,0
0.6647690922446271,1.0,0.5,0.5,0.0,0.5,0.4791666666666667,1,0.0,0.0,0.0,0,1,0
0.6142898609103619,0.875,1.0,0.5,0.0,0.5,0.8958333333333333,0,0.0,0.0,0.0,1,0,0
0.22515283273700926,0.375,0.75,0.5,0.0,0.5,0.22916666666666666,1,0.0,0.0,0.0,1,0,0
0.2589033954932114,0.375,0.25,1.0,0.5,1.0,0.08333333333333333,1,0.0,0.0,0.0,0,0,1
0.5293640262540578,0.875,0.5,0.0,0.0,0.0,0.5833333333333333,0,0.0,0.0,0.0,0,1,0
0.23904994905575436,0.25,0.25,0.5,0.5,0.5,0.7083333333333333,0,0.0,0.0,0.0,1,0,0
0.2729426817998721,0.25,0.25,0.5,0.0,0.5,0.4583333333333333,1,0.0,0.0,0.0,0,1,0
0.02992085870672701,0.0,0.0,0.0,0.0,0.0,0.6458333333333333,0,0.0,0.0,0.0,1,0,0
0.6433103096936237,0.875,0.75,0.0,0.0,0.0,0.8124999999999999,1,0.0,0.0,0.0,0,0,1
0.06592540814634032,0.0,0.0,0.0,0.0,0.0,0.375,0,0.0,0.0,0.0,1,0,0
0.41765988199891,0.625,0.75,1.0,1.0,0.5,0.49999999999999994,0,0.0,0.0,0.0,1,0,0
0.454976541951994,0.5,0.75,0.0,0.0,0.0,0.9166666666666666,0,0.0,0.0,0.0,0,1,0
0.49767789019737935,1.0,0.75,0.0,0.0,0.0,0.7499999999999999,0,0.0,0.0,0.0,1,0,0
0.4931106793355923,0.75,0.5,0.0,0.0,0.0,0.0,0,0.0,0.0,0.0,0,0,1
0.4152666872023316,0.5,0.75,1.0,0.5,1.0,0.8749999999999999,0,0.0,0.0,0.0,0,0,1
0.12959386773452128,0.125,0.25,0.0,0.0,0.0,0.24999999999999997,0,0.0,0.0,0.0,0,1,0
0.5752523517285502,0.75,0.75,0.0,0.0,0.0,0.22916666666666666,0,0.0,0.0,0.0,1,0,0
0.36139610928133076,0.625,0.75,0.5,0.0,0.5,0.9583333333333333,0,0.0,0.0,0.0,0,1,0
0.5316387460607066,1.0,1.0,1.0,0.5,1.0,0.8749999999999999,0,0.0,0.0,0.0,1,0,0
0.6680449257161813,0.875,1.0,1.0,0.5,1.0,0.7499999999999999,0,0.0,0.0,0.0,1,0,0
0.2482850745207687,0.5,0.5,1.0,0.0,0.5,0.8541666666666666,0,0.0,0.0,0.0,1,0,0
0.32693469658555085,0.25,0.25,0.0,0.0,0.0,0.8333333333333333,0,0.0,0.0,0.0,0,0,1
0.19769625382081846,0.25,0.5,0.5,0.0,0.5,0.22916666666666666,0,0.0,0.0,0.0,0,1,0
0.0450323436722508,0.0,0.0,1.0,1.0,0.5,0.7291666666666666,0,0.0,0.0,0.0,1,0,0
0.16108155818306757,0.125,0.0,1.0,0.0,1.0,0.7708333333333333,0,0.0,0.0,0.0,0,0,1
0.2618178802454802,0.5,0.75,0.5,0.0,0.5,0.16666666666666666,0,0.0,0.0,0.0,1,0,0
0.2606301684714357,0.5,0.75,0.0,0.0,0.0,0.2708333333333333,0,0.0,0.0,0.0,0,1,0
0.3254389498376893,0.375,0.25,1.0,0.0,1.0,0.9166666666666666,1,0.0,0.0,0.0,0,1,0
0.1429252659763524,0.0,0.0,1.0,0.5,1.0,0.7083333333333333,0,0.0,0.0,0.0,0,1,0
0.5983460891405824,0.625,0.75,1.0,0.5,1.0,0.6458333333333333,0,0.0,0.0,0.0,0,1,0
0.6776562092742222,1.0,0.75,1.0,0.0,0.5,0.9374999999999999,0,0.0,0.0,0.0,1,0,0
0.7869819681065328,1.0,0.75,1.0,0.5,0.5,0.04166666666666667,1,0.0,0.0,0.0,0,1,0
0.549072340828851,0.875,0.5,1.0,1.0,0.5,0.6041666666666666,0,0.0,0.0,0.0,0,0,1
0.25628509821576667,0.25,0.5,1.0,0.5,1.0,0.9999999999999999,0,0.0,0.0,0.0,1,0,0
0.4540435514062982,0.625,0.75,0.0,0.0,0.0,0.12499999999999999,1,0.0,0.0,0.0,0,1,0
0.14350579342700756,0.125,0.25,1.0,1.0,1.0,0.0,1,0.0,0.0,0.0,1,0,0
0.37464753690495944,0.625,1.0,1.0,1.0,1.0,0.3958333333333333,0,0.0,0.0,0.0,1,0,0
0.21124090704452292,0.25,0.5,1.0,0.0,1.0,0.49999999999999994,1,0.0,0.0,0.0,0,0,1
0.17871359855934416,0.125,0.25,0.5,0.5,0.5,0.6666666666666666,1,0.0,0.0,0.0,0,0,1
0.21928832073549276,0.25,0.5,0.5,0.0,0.5,0.7083333333333333,0,0.0,0.0,0.0,0,0,1
0.540308153448807,0.75,0.75,0.5,0.5,0.5,0.8958333333333333,0,0.0,0.0,0.0,0,1,0
0.6289481790394048,0.875,1.0,0.0,0.0,0.0,0.4791666666666667,0,0.0,0.0,0.0,0,0,1
0.19069142004122933,0.5,0.75,0.0,0.0,0.0,0.2708333333333333,0,0.0,0.0,0.0,1,0,0
0.4426462573750682,0.75,0.5,0.5,0.0,0.5,0.7916666666666666,0,0.0,0.0,0.0,1,0,0
0.1299315214558207,0.125,0.25,0.0,0.0,0.0,0.8958333333333333,0,0.0,0.0,0.0,0,1,0
0.4785175224510107,0.625,0.75,0.5,0.5,0.5,0.6874999999999999,0,0.0,0.0,0.0,0,1,0
0.5931243039594343,0.875,1.0,1.0,0.0,1.0,0.3541666666666667,1,0.0,0.0,0.0,1,0,0
0.3432783214463427,0.625,0.5,1.0,0.5,1.0,0.020833333333333332,0,0.0,0.0,0.0,0,1,0
0.3149094851076938,0.5,0.75,1.0,0.5,0.5,0.7708333333333333,0,0.0,0.0,0.0,1,0,0
0.8339809966116153,1.0,1.0,0.5,0.0,0.5,0.3333333333333333,1,0.0,0.0,0.0,1,0,0
0.2750930028670948,0.25,0.25,1.0,0.0,0.5,0.4583333333333333,1,0.0,0.0,0.0,1,0,0
0.6735540127479089,0.75,0.75,1.0,0.0,1.0,0.6666666666666666,0,0.0,0.0,0.0,0,0,1
0.2177244508684217,0.125,0.25,0.0,0.0,0.0,0.5624999999999999,0,0.0,0.0,0.0,0,1,0
0.6851467905125228,1.0,0.75,0.0,0.0,0.0,0.2916666666666667,0,0.0,0.0,0.0,0,0,1
0.582414164869796,0.875,0.75,0.5,0.0,0.5,0.20833333333333331,0,0.0,0.0,0.0,0,0,1
0.18375470938084973,0.125,0.25,1.0,0.5,0.5,0.4583333333333333,1,0.0,0.0,0.0,0,0,1
0.06923382224012513,0.125,0.25,0.5,0.0,0.5,0.24999999999999997,0,0.0,0.0,0.0,0,0,1
0.1606609719688174,0.125,0.0,0.5,0.5,0.5,0.9583333333333333,0,0.0,0.0,0.0,1,0,0
0.8047117503495012,0.875,1.0,0.5,0.0,0.5,0.20833333333333331,0,0.0,0.0,0.0,0,0,1
0.5539120441674763,1.0,1.0,0.0,0.0,0.0,0.7291666666666666,0,0.0,0.0,0.0,0,0,1
0.2625613108072886,0.375,0.25,0.5,0.0,0.5,0.7708333333333333,0,0.0,0.0,0.0,1,0,0
0.4621353932184916,0.625,0.75,0.5,0.5,0.5,0.5416666666666666,0,0.0,0.0,0.0,1,0,0
0.12793817975025473,0.125,0.25,0.0,0.0,0.0,0.3541666666666667,0,0.0,0.0,0.0,1,0,0
0.12145463592635597,0.125,0.25,0.0,0.0,0.0,0.8124999999999999,0,0.0,0.0,0.0,1,0,0
0.12489337250906335,0.0,0.0,0.0,0.0,0.0,0.7708333333333333,1,0.0,0.0,0.0,0,1,0
0.8277995640120371,0.875,0.75,0.5,0.5,0.5,0.6874999999999999,0,0.0,0.0,0.0,0,1,0
0.6029458806246002,0.75,0.25,1.0,0.5,1.0,0.4375,0,0.0,0.0,0.0,0,0,1
0.30046146008577596,0.25,0.25,0.5,0.0,0.5,0.3541666666666667,0,0.0,0.0,0.0,1,0,0
0.7327530033409947,0.75,0.75,1.0,0.0,0.5,0.8333333333333333,0,0.0,0.0,0.0,0,1,0
0.40938736582707397,0.5,0.5,0.5,0.5,0.5,0.3541666666666667,0,0.0,0.0,0.0,1,0,0
0.09876963722958085,0.125,0.0,0.5,0.0,0.5,0.24999999999999997,0,0.0,0.0,0.0,0,0,1
0.12145167405160773,0.0,0.0,0.5,0.0,0.5,0.7916666666666666,1,0.0,0.0,0.0,0,1,0
0.5209641494680474,0.5,0.25,1.0,1.0,1.0,0.3125,0,0.0,0.0,0.0,0,1,0
0.40397898253678655,0.5,0.75,0.0,0.0,0.0,0.14583333333333331,0,0.0,0.0,0.0,1,0,0
0.6665817595905505,0.875,0.75,1.0,0.5,1.0,0.6874999999999999,0,0.0,0.0,0.0,1,0,0
0.0009596474184299692,0.0,0.0,1.0,0.5,1.0,0.5833333333333333,0,0.0,0.0,0.0,0,0,1
0.1288533990474611,0.0,0.0,0.5,0.0,0.5,0.10416666666666667,0,0.0,0.0,0.0,0,1,0
0.35052602895528756,0.875,1.0,0.0,0.0,0.0,0.7708333333333333,0,0.0,0.0,0.0,1,0,0
0.09608321683292657,0.0,0.0,1.0,0.5,1.0,0.7291666666666666,0,0.0,0.0,0.0,1,0,0
0.42621377627182905,0.75,0.5,0.0,0.0,0.0,0.9791666666666666,0,0.0,0.0,0.0,1,0,0
0.5110300215624481,0.5,0.75,0.5,0.5,0.5,0.8541666666666666,0,0.0,0.0,0.0,0,1,0
0.5164769092244627,0.75,0.5,0.0,0.0,0.0,0.5208333333333333,0,0.0,0.0,0.0,1,0,0
0.5548420728384238,0.875,0.75,1.0,0.0,0.5,0.3541666666666667,0,0.0,0.0,0.0,0,0,1
0.20529346255005573,0.75,0.75,0.0,0.0,0.0,0.20833333333333331,0,0.0,0.0,0.0,1,0,0
0.7117029595052485,0.75,0.75,0.0,0.0,0.0,0.5416666666666666,0,0.0,0.0,0.0,1,0,0
0.43287503258062227,0.75,1.0,0.0,0.0,0.0,0.6041666666666666,0,0.0,0.0,0.0,0,1,0
0.004724190223443832,0.0,0.0,1.0,1.0,1.0,0.3541666666666667,0,0.0,0.0,0.0,0,0,1
0.6052087529322561,0.875,0.75,1.0,0.5,1.0,0.8749999999999999,1,0.0,0.0,0.0,0,1,0
0.5846859228016965,0.625,0.75,0.5,0.5,0.5,0.0625,0,0.0,0.0,0.0,1,0,0
0.12323768452479683,0.25,0.5,1.0,0.5,1.0,0.10416666666666667,0,0.0,0.0,0.0,1,0,0
0.3125014809373742,0.25,0.5,1.0,0.5,1.0,0.4375,0,0.0,0.0,0.0,1,0,0
0.2801015330663697,0.5,0.5,0.5,0.0,0.5,0.020833333333333332,1,0.0,0.0,0.0,0,0,1
0.050807999431320056,0.0,0.0,0.0,0.0,0.0,0.9583333333333333,0,0.0,0.0,0.0,1,0,0
0.36481411274080044,0.5,0.5,0.5,0.0,0.5,0.9791666666666666,0,0.0,0.0,0.0,0,1,0
0.6950187190484088,0.875,1.0,0.5,0.0,0.5,0.8124999999999999,0,0.0,0.0,0.0,0,0,1
0.33087991375020737,0.375,0.5,1.0,0.5,0.5,0.6458333333333333,1,0.0,0.0,0.0,0,0,1
0.6382691988721181,1.0,0.75,0.5,0.5,0.5,0.7916666666666666,0,0.0,0.0,0.0,1,0,0
0.42607456815866174,0.75,0.75,0.5,0.5,0.5,0.4166666666666667,1,0.0,0.0,0.0,0,0,1
0.7472543421083809,0.75,1.0,0.5,0.0,0.5,0.14583333333333331,0,0.0,0.0,0.0,1,0,0
0.5814041655806459,0.625,0.5,1.0,0.5,1.0,0.49999999999999994,0,0.0,0.0,0.0,0,0,1
0.17661362936284153,0.25,0.25,0.5,0.0,0.5,0.8333333333333333,0,0.0,0.0,0.0,1,0,0
0.5306672511432836,0.75,0.75,0.5,0.5,0.5,0.7291666666666666,1,0.0,0.0,0.0,1,0,0
0.3581202758097766,0.75,0.75,1.0,0.5,0.5,0.0625,0,0.0,0.0,0.0,0,0,1
0.27455986541241145,0.625,0.75,0.0,0.0,0.0,0.2916666666666667,1,0.0,0.0,0.0,0,0,1
0.12439577755135894,0.0,0.0,0.5,0.5,0.5,0.5624999999999999,0,0.0,0.0,0.0,0,0,1
0.21675887970049526,0.25,0.25,0.0,0.0,0.0,0.3958333333333333,0,0.0,0.0,0.0,0,0,1
0.11929839110963679,0.125,0.25,0.0,0.0,0.0,0.7708333333333333,0,0.0,0.0,0.0,0,0,1
0.5853049546240788,0.75,0.75,0.0,0.0,0.0,0.10416666666666667,0,0.0,0.0,0.0,0,1,0
0.20907281472881079,0.125,0.0,0.0,0.0,0.0,0.6041666666666666,0,0.0,0.0,0.0,1,0,0
0.43890540956804025,0.5,0.75,1.0,0.0,0.5,0.6458333333333333,0,0.0,0.0,0.0,0,1,0
0.33340046916096017,0.25,0.0,0.5,0.0,0.5,0.9999999999999999,1,0.0,0.0,0.0,0,1,0
0.02588382342487501,0.125,0.25,0.0,0.0,0.0,0.8333333333333333,0,0.0,0.0,0.0,0,1,0
0.37766568727341665,0.625,0.75,1.0,0.0,1.0,0.0625,0,0.0,0.0,0.0,0,1,0
0.13360128426889087,0.25,0.25,0.0,0.0,0.0,0.7083333333333333,0,0.0,0.0,0.0,1,0,0
0.1491185460749236,0.125,0.25,1.0,0.0,1.0,0.6041666666666666,0,0.0,0.0,0.0,1,0,0
0.5208308651043765,0.625,1.0,1.0,0.5,1.0,0.9999999999999999,0,0.0,0.0,0.0,1,0,0
0.16724818140890457,0.25,0.5,1.0,0.5,1.0,0.8333333333333333,0,0.0,0.0,0.0,1,0,0
0.41708231642300314,0.75,0.5,0.5,0.5,0.5,0.4375,1,0.0,0.0,0.0,0,0,1
0.5724859607136934,0.75,1.0,1.0,0.5,1.0,0.020833333333333332,0,0.0,0.0,0.0,0,0,1
0.3443860626021847,0.25,0.25,1.0,0.5,1.0,0.22916666666666666,0,0.0,0.0,0.0,0,0,1
0.0771686846906618,0.0,0.0,1.0,0.5,1.0,0.6874999999999999,0,0.0,0.0,0.0,0,0,1
0.40849287965310527,0.5,0.5,0.0,0.0,0.0,0.6874999999999999,0,0.0,0.0,0.0,0,0,1
0.5040844252778238,0.625,0.5,1.0,0.5,1.0,0.2708333333333333,0,0.0,0.0,0.0,0,0,1
0.62920882401725,0.875,1.0,1.0,1.0,1.0,0.7916666666666666,0,0.0,0.0,0.0,0,0,1
0.27119813757315836,0.375,0.5,1.0,0.5,1.0,0.7916666666666666,1,0.0,0.0,0.0,0,1,0
0.4299013103333887,0.75,0.75,0.0,0.0,0.0,0.9166666666666666,0,0.0,0.0,0.0,0,1,0
0.37332950264199233,0.625,0.5,1.0,0.5,1.0,0.10416666666666667,0,0.0,0.0,0.0,0,0,1
0.5012262161457716,0.625,0.5,1.0,0.0,1.0,0.14583333333333331,0,0.0,0.0,0.0,0,1,0
0.28042437741392795,0.25,0.5,1.0,0.5,1.0,0.5416666666666666,1,0.0,0.0,0.0,0,1,0
0.09666966803307823,0.0,0.0,1.0,0.0,1.0,0.22916666666666666,0,0.0,0.0,0.0,1,0,0
0.520727199488188,0.625,0.75,1.0,0.0,0.5,0.4166666666666667,0,0.0,0.0,0.0,0,0,1
0.1316079425633249,0.125,0.25,1.0,0.5,0.5,0.7708333333333333,0,0.0,0.0,0.0,0,1,0
0.2168595834419354,0.375,0.5,0.0,0.0,0.0,0.0625,0,0.0,0.0,0.0,1,0,0
0.026591711489704524,0.0,0.0,0.0,0.0,0.0,0.49999999999999994,0,0.0,0.0,0.0,1,0,0
0.5299889818259366,0.875,0.75,0.0,0.0,0.0,0.8749999999999999,0,0.0,0.0,0.0,0,0,1
0.12649870862260978,0.125,0.0,0.0,0.0,0.0,0.4791666666666667,0,0.0,0.0,0.0,0,1,0
0.3904521005615715,0.375,0.75,0.0,0.0,0.0,0.22916666666666666,0,0.0,0.0,0.0,1,0,0
0.5086931023860863,0.75,0.75,0.0,0.0,0.0,0.5833333333333333,0,0.0,0.0,0.0,0,1,0
0.3591006563514443,0.625,0.5,0.0,0.0,0.0,0.7083333333333333,0,0.0,0.0,0.0,0,1,0
0.30738632324716253,0.75,1.0,0.5,0.0,0.5,0.7499999999999999,0,0.0,0.0,0.0,0,0,1
0.6169851669312608,0.75,0.5,0.5,0.0,0.5,0.6041666666666666,1,0.0,0.0,0.0,0,0,1
0.21452858801507005,0.125,0.25,0.0,0.0,0.0,0.8333333333333333,0,0.0,0.0,0.0,0,1,0
0.3950844726678199,0.625,0.75,1.0,1.0,1.0,0.8541666666666666,0,0.0,0.0,0.0,0,1,0
0.4623664194488544,0.5,0.5,1.0,0.0,0.5,0.7083333333333333,0,0.0,0.0,0.0,1,0,0
0.7603073241238776,0.875,0.75,0.5,0.5,0.5,0.0,1,0.0,0.0,0.0,0,1,0
0.520333270146672,0.75,0.75,0.0,0.0,0.0,0.8124999999999999,0,0.0,0.0,0.0,1,0,0
0.4782006018529489,0.375,0.5,0.0,0.0,0.0,0.5208333333333333,0,0.0,0.0,0.0,0,1,0
0.30230670805392984,0.25,0.25,0.0,0.0,0.0,0.7083333333333333,0,0.0,0.0,0.0,0,1,0
0.37541466246475375,0.375,0.5,0.5,0.0,0.5,0.8541666666666666,1,0.0,0.0,0.0,1,0,0
0.501341729260953,0.75,0.75,0.0,0.0,0.0,0.12499999999999999,0,0.0,0.0,0.0,0,0,1
0.5113558277847546,0.625,0.5,0.5,0.0,0.5,0.0625,0,0.0,0.0,0.0,0,1,0
0.7435845792953109,0.875,1.0,0.0,0.0,0.0,0.08333333333333333,0,0.0,0.0,0.0,0,0,1
0.7820800653981944,0.875,0.5,1.0,0.5,0.5,0.7916666666666666,0,0.0,0.0,0.0,0,1,0
0.429880577210151,0.75,0.75,0.5,0.5,0.5,0.20833333333333331,0,0.0,0.0,0.0,1,0,0
0.3674353718929934,0.75,1.0,0.0,0.0,0.0,0.2916666666666667,1,0.0,0.0,0.0,0,1,0
0.6443736227282422,0.625,0.75,1.0,0.5,1.0,0.6458333333333333,0,0.0,0.0,0.0,0,0,1
0.7550499964457504,1.0,0.75,0.5,0.5,0.5,0.7499999999999999,0,0.0,0.0,0.0,0,0,1
0.4319213089116888,0.625,0.5,1.0,0.5,0.5,0.16666666666666666,1,0.0,0.0,0.0,0,1,0
0.3979634149231098,0.375,0.5,0.0,0.0,0.0,0.9583333333333333,1,0.0,0.0,0.0,0,1,0
0.6138159609506434,0.875,0.75,1.0,1.0,0.5,0.6458333333333333,0,0.0,0.0,0.0,0,1,0
0.23920692841741115,0.25,0.5,1.0,0.0,0.5,0.6666666666666666,0,0.0,0.0,0.0,0,0,1
0.46409615430182694,0.875,1.0,0.0,0.0,0.0,0.4583333333333333,1,0.0,0.0,0.0,0,1,0
0.225309812098666,0.25,0.0,1.0,1.0,0.5,0.2916666666666667,0,0.0,0.0,0.0,1,0,0
0.4363404260360638,0.625,0.5,1.0,0.0,1.0,0.6041666666666666,1,0.0,0.0,0.0,0,1,0
0.11527320332677773,0.0,0.0,0.0,0.0,0.0,0.3125,1,0.0,0.0,0.0,0,1,0
0.22292254105158402,0.25,0.25,0.5,0.5,0.5,0.4375,1,0.0,0.0,0.0,1,0,0
0.783427718408644,1.0,0.5,0.5,0.5,0.5,0.8749999999999999,1,0.0,0.0,0.0,1,0,0
0.25166161173376306,0.125,0.0,0.5,0.0,0.5,0.6041666666666666,0,0.0,0.0,0.0,0,1,0
0.6445424495888918,1.0,0.75,0.5,0.0,0.5,0.0,0,0.0,0.0,0.0,1,0,0
0.2123456863256167,0.25,0.5,1.0,0.5,1.0,0.7083333333333333,1,0.0,0.0,0.0,0,1,0
0.6967454920266332,1.0,0.75,0.5,0.5,0.5,0.3541666666666667,0,0.0,0.0,0.0,0,0,1
0.4857770774589485,0.75,0.75,1.0,1.0,0.5,0.2916666666666667,0,0.0,0.0,0.0,0,1,0
0.8753198824728101,1.0,1.0,0.0,0.0,0.0,0.4166666666666667,0,0.0,0.0,0.0,0,1,0
0.34397436201217924,0.375,0.5,0.5,0.0,0.5,0.8124999999999999,0,0.0,0.0,0.0,1,0,0
0.5562045352226145,0.75,0.5,1.0,0.0,1.0,0.020833333333333332,0,0.0,0.0,0.0,0,1,0
0.4470476032509537,0.5,0.75,0.5,0.5,0.5,0.6041666666666666,1,0.0,0.0,0.0,0,1,0
0.10265561689927258,0.0,0.0,0.5,0.5,0.5,0.8124999999999999,0,0.0,0.0,0.0,0,0,1
0.47317726227993273,0.75,1.0,0.5,0.0,0.5,0.6458333333333333,0,0.0,0.0,0.0,0,0,1
0.5802283013055944,0.75,1.0,0.5,0.0,0.5,0.5624999999999999,1,0.0,0.0,0.0,0,0,1
0.28757138118143266,0.375,0.25,0.0,0.0,0.0,0.20833333333333331,1,0.0,0.0,0.0,0,1,0
0.3878012226618961,0.5,0.75,0.5,0.0,0.5,0.12499999999999999,0,0.0,0.0,0.0,0,1,0
0.6547105655996021,1.0,1.0,1.0,0.5,1.0,0.0,1,0.0,0.0,0.0,1,0,0
0.7887146648342536,0.75,0.75,0.5,0.5,0.5,0.8749999999999999,0,0.0,0.0,0.0,1,0,0
0.05890280311826174,0.0,0.0,1.0,0.5,1.0,0.5624999999999999,0,0.0,0.0,0.0,1,0,0
0.024530246664929038,0.0,0.0,0.5,0.0,0.5,0.7916666666666666,0,0.0,0.0,0.0,0,0,1
0.24377710115394643,0.375,0.25,1.0,0.5,1.0,0.375,0,0.0,0.0,0.0,1,0,0
0.4323952088714073,0.625,0.75,0.5,0.0,0.5,0.7916666666666666,0,0.0,0.0,0.0,0,1,0
0.7066796199322323,0.875,1.0,0.5,0.0,0.5,0.6458333333333333,1,0.0,0.0,0.0,0,0,1
0.14195377105892948,0.0,0.0,0.5,0.5,0.5,0.9999999999999999,1,0.0,0.0,0.0,0,1,0
0.8680632893396205,1.0,1.0,1.0,1.0,0.5,0.6041666666666666,1,0.0,0.0,0.0,0,0,1
0.0009596474184299692,0.0,0.0,1.0,0.0,1.0,0.020833333333333332,0,0.0,0.0,0.0,0,0,1
0.1526017107788546,0.125,0.25,0.5,0.0,0.5,0.8958333333333333,0,0.0,0.0,0.0,0,1,0
0.44489432030898285,0.5,0.75,0.0,0.0,0.0,0.8749999999999999,0,0.0,0.0,0.0,0,1,0
0.13316292680615124,0.0,0.0,0.5,0.0,0.5,0.7499999999999999,0,0.0,0.0,0.0,0,1,0
0.13374641613155466,0.25,0.5,0.5,0.5,0.5,0.375,0,0.0,0.0,0.0,0,1,0
0.3217662251498709,0.5,0.5,0.0,0.0,0.0,0.5208333333333333,0,0.0,0.0,0.0,1,0,0
0.6261610549013104,1.0,0.75,1.0,0.5,0.5,0.0,0,0.0,0.0,0.0,1,0,0
0.21471814799895744,0.25,0.25,0.5,0.5,0.5,0.8541666666666666,0,0.0,0.0,0.0,1,0,0
0.25358683032011947,0.25,0.5,0.0,0.0,0.0,0.5624999999999999,1,0.0,0.0,0.0,0,1,0
0.3436485557898728,0.875,0.75,1.0,1.0,1.0,0.5208333333333333,1,0.0,0.0,0.0,0,1,0
0.4599880340260171,0.75,0.5,0.0,0.0,0.0,0.8124999999999999,0,0.0,0.0,0.0,1,0,0
0.3280365139918963,0.375,0.75,0.5,0.5,0.5,0.7083333333333333,0,0.0,0.0,0.0,0,1,0
0.1765247731203943,0.25,0.25,1.0,0.5,1.0,0.04166666666666667,0,0.0,0.0,0.0,0,0,1
0.6101165793900907,0.75,0.75,0.0,0.0,0.0,0.5208333333333333,1,0.0,0.0,0.0,0,1,0
0.35778854583797365,0.625,0.75,0.0,0.0,0.0,0.6666666666666666,0,0.0,0.0,0.0,1,0,0
0.4186017581688506,0.5,0.75,0.5,0.5,0.5,0.4375,0,0.0,0.0,0.0,0,1,0
0.355466436035353,0.375,0.5,0.5,0.0,0.5,0.10416666666666667,0,0.0,0.0,0.0,1,0,0
0.24480783356633418,0.375,0.5,1.0,0.5,1.0,0.8541666666666666,0,0.0,0.0,0.0,0,1,0
0.46031976399782015,0.875,1.0,0.5,0.0,0.5,0.6874999999999999,0,0.0,0.0,0.0,0,1,0
0.5944127194749189,0.5,0.75,0.5,0.0,0.5,0.04166666666666667,1,0.0,0.0,0.0,0,1,0
0.400759424685449,0.5,0.25,0.0,0.0,0.0,0.3333333333333333,1,0.0,0.0,0.0,0,1,0
0.4956193872473521,0.625,0.75,0.0,0.0,0.0,0.10416666666666667,0,0.0,0.0,0.0,1,0,0
0.30116046252636075,0.5,0.75,0.0,0.0,0.0,0.8541666666666666,0,0.0,0.0,0.0,1,0,0
0.14880162547686185,0.125,0.25,1.0,0.5,0.5,0.08333333333333333,1,0.0,0.0,0.0,0,0,1
0.1792733928867616,0.125,0.25,1.0,0.5,0.5,0.3958333333333333,0,0.0,0.0,0.0,0,0,1
0.6539967537852759,0.875,1.0,1.0,1.0,1.0,0.0,0,0.0,0.0,0.0,0,0,1
0.006125156979361657,0.0,0.0,0.0,0.0,0.0,0.4791666666666667,0,0.0,0.0,0.0,1,0,0
0.11655865696751416,0.0,0.0,0.5,0.5,0.5,0.16666666666666666,0,0.0,0.0,0.0,1,0,0
0.46292325190152367,0.625,0.75,1.0,1.0,1.0,0.2916666666666667,0,0.0,0.0,0.0,0,0,1
0.716744070326754,0.875,1.0,1.0,0.5,0.5,0.7499999999999999,0,0.0,0.0,0.0,0,0,1
0.05920195246783405,0.0,0.0,0.0,0.0,0.0,0.3541666666666667,0,0.0,0.0,0.0,1,0,0
0.5545458853635997,0.625,0.5,0.5,0.0,0.5,0.4375,0,0.0,0.0,0.0,0,1,0
0.2817305641779021,0.25,0.25,0.0,0.0,0.0,0.20833333333333331,0,0.0,0.0,0.0,0,0,1
0.07447337866976282,0.0,0.0,0.5,0.5,0.5,0.7708333333333333,0,0.0,0.0,0.0,1,0,0
0.5047893514679052,0.875,1.0,0.0,0.0,0.0,0.04166666666666667,0,0.0,0.0,0.0,1,0,0
0.3836960642608346,0.625,0.75,0.5,0.5,0.5,0.5833333333333333,0,0.0,0.0,0.0,0,0,1
0.0,0.0,0.0,1.0,0.5,0.5,0.9374999999999999,0,0.0,0.0,0.0,1,0,0
0.27152394379546485,0.375,0.5,1.0,0.0,1.0,0.6458333333333333,0,0.0,0.0,0.0,0,0,1
0.381830083169443,0.625,0.75,0.5,0.0,0.5,0.6874999999999999,0,0.0,0.0,0.0,0,1,0
0.271242565694382,0.375,0.5,1.0,0.0,1.0,0.14583333333333331,0,0.0,0.0,0.0,0,0,1
0.2781674288557686,0.25,0.25,0.5,0.0,0.5,0.6874999999999999,0,0.0,0.0,0.0,0,1,0
0.2031638746060707,0.25,0.5,0.5,0.5,0.5,0.08333333333333333,0,0.0,0.0,0.0,0,1,0
0.08247636423950905,0.0,0.0,0.0,0.0,0.0,0.16666666666666666,0,0.0,0.0,0.0,1,0,0
0.6740634552046063,1.0,1.0,0.0,0.0,0.0,0.3333333333333333,0,0.0,0.0,0.0,1,0,0
0.4167002345804801,0.375,0.5,0.5,0.0,0.5,0.3958333333333333,0,0.0,0.0,0.0,1,0,0
0.5277734995142526,0.75,0.75,0.0,0.0,0.0,0.8541666666666666,0,0.0,0.0,0.0,1,0,0
0.41190792123782677,0.5,0.5,0.5,0.0,0.5,0.5416666666666666,0,0.0,0.0,0.0,0,1,0
0.31050517735706,0.375,0.5,0.0,0.0,0.0,0.08333333333333333,0,0.0,0.0,0.0,0,1,0
0.1727069165699121,0.5,0.75,1.0,0.0,0.5,0.9374999999999999,1,0.0,0.0,0.0,1,0,0
0.08096580811790632,0.125,0.25,1.0,1.0,1.0,0.5833333333333333,0,0.0,0.0,0.0,0,0,1
0.007437267492832262,0.0,0.0,0.0,0.0,0.0,0.20833333333333331,0,0.0,0.0,0.0,0,1,0
0.1559397436201218,0.125,0.25,0.5,0.5,0.5,0.5208333333333333,0,0.0,0.0,0.0,1,0,0
0.1751978532331825,0.125,0.25,0.5,0.5,0.5,0.4583333333333333,1,0.0,0.0,0.0,1,0,0
0.18953332701466724,0.875,1.0,0.0,0.0,0.0,0.3541666666666667,0,0.0,0.0,0.0,1,0,0
0.13566274909366635,0.25,0.5,1.0,1.0,0.5,0.3958333333333333,0,0.0,0.0,0.0,0,0,1
0.6325498187332654,0.875,1.0,0.0,0.0,0.0,0.8958333333333333,0,0.0,0.0,0.0,0,0,1
0.13851503447622207,0.0,0.0,0.0,0.0,0.0,0.4166666666666667,0,0.0,0.0,0.0,0,1,0
0.24108179513304745,0.125,0.25,1.0,0.5,1.0,0.5208333333333333,0,0.0,0.0,0.0,0,1,0
0.5916167097125797,1.0,0.75,1.0,0.5,1.0,0.6458333333333333,0,0.0,0.0,0.0,0,1,0
0.015455062436319694,0.0,0.0,1.0,1.0,1.0,0.0,0,0.0,0.0,0.0,0,1,0
0.24568751036656164,0.375,0.5,0.5,0.0,0.5,0.020833333333333332,1,0.0,0.0,0.0,0,0,1
0.4027853470132456,0.625,0.75,1.0,1.0,0.5,0.0625,0,0.0,0.0,0.0,1,0,0
0.16112302442954293,0.125,0.25,1.0,1.0,0.5,0.8333333333333333,0,0.0,0.0,0.0,0,1,0
0.17655439186787672,0.25,0.25,0.0,0.0,0.0,0.18749999999999997,0,0.0,0.0,0.0,0,0,1
0.11657050446650714,0.125,0.25,1.0,0.5,1.0,0.5624999999999999,0,0.0,0.0,0.0,0,0,1
0.24834135014098524,0.5,0.5,0.0,0.0,0.0,0.9999999999999999,0,0.0,0.0,0.0,1,0,0
0.6964522664265574,0.875,0.75,0.5,0.5,0.5,0.7499999999999999,0,0.0,0.0,0.0,0,1,0
0.7620133639788641,1.0,1.0,0.0,0.0,0.0,0.3333333333333333,0,0.0,0.0,0.0,1,0,0
0.2661303698789186,0.5,1.0,1.0,0.5,1.0,0.6041666666666666,0,0.0,0.0,0.0,0,0,1
0.4643153330331968,0.5,0.25,0.0,0.0,0.0,0.10416666666666667,0,0.0,0.0,0.0,0,0,1
0.7196141269577992,0.75,0.75,1.0,0.5,1.0,0.20833333333333331,0,0.0,0.0,0.0,0,0,1
0.5063532213349762,0.625,0.75,0.5,0.0,0.5,0.20833333333333331,0,0.0,0.0,0.0,0,1,0
0.22116911120062557,0.125,0.25,1.0,0.0,0.5,0.020833333333333332,1,0.0,0.0,0.0,1,0,0
0.03736108807430752,0.0,0.0,0.0,0.0,0.0,0.3958333333333333,0,0.0,0.0,0.0,1,0,0
0.17719711868824492,0.125,0.0,0.0,0.0,0.0,0.6874999999999999,0,0.0,0.0,0.0,0,0,1
0.0012025211477857019,0.0,0.0,0.0,0.0,0.0,0.8333333333333333,0,0.0,0.0,0.0,1,0,0
0.19937563680307088,0.375,0.5,0.5,0.0,0.5,0.0,0,0.0,0.0,0.0,0,0,1
0.3368480913679123,0.625,0.75,0.5,0.5,0.5,0.9791666666666666,0,0.0,0.0,0.0,1,0,0
0.300055683245267,0.625,0.75,0.5,0.0,0.5,0.5416666666666666,0,0.0,0.0,0.0,0,1,0
0.6770727199488189,0.75,0.25,0.5,0.0,0.5,0.5208333333333333,1,0.0,0.0,0.0,0,1,0
0.27096118759329907,0.25,0.5,1.0,0.0,1.0,0.5208333333333333,0,0.0,0.0,0.0,0,1,0
0.4314859133236974,0.625,0.5,1.0,0.5,1.0,0.14583333333333331,0,0.0,0.0,0.0,1,0,0
0.5836966566357842,0.875,0.75,0.5,0.0,0.5,0.5833333333333333,0,0.0,0.0,0.0,0,1,0
0.4833246451674052,0.625,0.5,0.5,0.5,0.5,0.3333333333333333,0,0.0,0.0,0.0,0,1,0
0.5819047224130987,1.0,1.0,1.0,0.5,1.0,0.6666666666666666,0,0.0,0.0,0.0,1,0,0
0.20582067625524256,0.125,0.25,0.5,0.0,0.5,0.0,0,0.0,0.0,0.0,0,1,0
0.40481126934104217,0.625,0.75,1.0,0.0,0.5,0.4791666666666667,0,0.0,0.0,0.0,1,0,0
0.7974758903395494,1.0,1.0,0.5,0.5,0.5,0.49999999999999994,0,0.0,0.0,0.0,0,1,0
0.17145700542615455,0.125,0.25,0.5,0.5,0.5,0.0,1,0.0,0.0,0.0,1,0,0
0.4395718313863944,0.5,0.5,1.0,0.5,0.5,0.5208333333333333,0,0.0,0.0,0.0,0,0,1
0.0759069260479113,0.0,0.0,1.0,0.5,1.0,0.3125,1,0.0,0.0,0.0,0,1,0
0.09318057957965074,0.25,0.25,0.5,0.5,0.5,0.9999999999999999,0,0.0,0.0,0.0,0,1,0
0.10626318034262969,0.0,0.0,1.0,0.5,1.0,0.6666666666666666,0,0.0,0.0,0.0,0,0,1
0.6831771438049428,0.875,1.0,0.0,0.0,0.0,0.5624999999999999,0,0.0,0.0,0.0,1,0,0
0.22817690685496297,0.375,0.5,1.0,0.5,1.0,0.9166666666666666,0,0.0,0.0,0.0,0,1,0
0.6732607871478332,1.0,1.0,0.5,0.5,0.5,0.4791666666666667,1,0.0,0.0,0.0,1,0,0
0.6351355353884796,0.875,1.0,0.5,0.0,0.5,0.7291666666666666,0,0.0,0.0,0.0,0,0,1
0.5098748904106343,0.875,0.75,1.0,0.0,1.0,0.2708333333333333,0,0.0,0.0,0.0,0,1,0
0.6926669904983058,1.0,0.5,0.0,0.0,0.0,0.9999999999999999,0,0.0,0.0,0.0,1,0,0
0.13605075468568587,0.125,0.25,1.0,0.5,1.0,0.08333333333333333,1,0.0,0.0,0.0,1,0,0
0.44557258962632995,1.0,0.75,0.5,0.0,0.5,0.5416666666666666,0,0.0,0.0,0.0,0,1,0
0.08204393052626592,0.0,0.0,1.0,0.0,0.5,0.2708333333333333,0,0.0,0.0,0.0,1,0,0
0.3492168803165653,0.875,0.75,0.5,0.0,0.5,0.4791666666666667,1,0.0,0.0,0.0,0,1,0
0.7429448143496907,0.875,0.75,0.0,0.0,0.0,0.9374999999999999,0,0.0,0.0,0.0,0,0,1
0.6480552330403052,0.75,1.0,0.5,0.5,0.5,0.5624999999999999,0,0.0,0.0,0.0,1,0,0
0.5714641139255503,0.625,0.5,0.0,0.0,0.0,0.14583333333333331,0,0.0,0.0,0.0,0,1,0
0.9900184820984291,1.0,0.75,0.5,0.5,0.5,0.7083333333333333,0,0.0,0.0,0.0,0,0,1
0.3643135559083478,0.625,0.75,1.0,0.5,1.0,0.9583333333333333,0,0.0,0.0,0.0,0,1,0
0.427887235504585,0.5,0.75,1.0,0.0,0.5,0.7083333333333333,0,0.0,0.0,0.0,0,0,1
0.007715683719166885,0.0,0.0,1.0,0.5,1.0,0.4583333333333333,0,0.0,0.0,0.0,0,0,1
0.0762060753974836,0.125,0.25,0.5,0.5,0.5,0.24999999999999997,0,0.0,0.0,0.0,0,1,0
0.6320018719048409,1.0,0.75,0.0,0.0,0.0,0.9583333333333333,0,0.0,0.0,0.0,0,1,0
0.036549534393289576,0.0,0.0,0.5,0.5,0.5,0.3333333333333333,0,0.0,0.0,0.0,0,0,1
0.33587659645048934,0.375,0.75,0.5,0.0,0.5,0.6249999999999999,0,0.0,0.0,0.0,0,0,1
0.6979657844229084,0.875,0.75,1.0,0.5,1.0,0.18749999999999997,0,0.0,0.0,0.0,0,1,0
0.3920929791720968,0.375,0.5,1.0,0.5,1.0,0.7291666666666666,0,0.0,0.0,0.0,0,0,1
0.4656896429163804,0.875,0.75,0.5,0.0,0.5,0.5833333333333333,0,0.0,0.0,0.0,0,1,0
0.3444245669739119,0.625,0.75,0.0,0.0,0.0,0.3125,0,0.0,0.0,0.0,1,0,0
0.31923678411487333,0.375,0.5,0.5,0.0,0.5,0.6666666666666666,1,0.0,0.0,0.0,0,0,1
0.7278244437599224,1.0,0.75,0.5,0.0,0.5,0.2708333333333333,0,0.0,0.0,0.0,1,0,0
0.2342132075918774,0.375,0.25,1.0,0.5,1.0,0.12499999999999999,0,0.0,0.0,0.0,0,1,0
0.09755526858280217,0.125,0.25,1.0,0.5,1.0,0.6666666666666666,0,0.0,0.0,0.0,0,0,1
0.3934791365542734,0.375,0.5,0.0,0.0,0.0,0.04166666666666667,1,0.0,0.0,0.0,1,0,0
0.2260828614079568,0.375,0.75,0.5,0.0,0.5,0.5208333333333333,0,0.0,0.0,0.0,0,0,1
0.01117219155036372,0.0,0.0,1.0,1.0,1.0,0.7916666666666666,0,0.0,0.0,0.0,0,0,1
0.5265087789967537,0.875,1.0,0.0,0.0,0.0,0.08333333333333333,1,0.0,0.0,0.0,0,1,0
0.15197083145747933,0.25,0.25,0.0,0.0,0.0,0.4583333333333333,1,0.0,0.0,0.0,0,1,0
0.0806074212733692,0.0,0.0,0.0,0.0,0.0,0.6666666666666666,0,0.0,0.0,0.0,1,0,0
0.5865548657678364,0.75,0.5,0.0,0.0,0.0,0.6041666666666666,0,0.0,0.0,0.0,1,0,0
0.45125346539345546,0.75,0.5,0.5,0.0,0.5,0.6666666666666666,0,0.0,0.0,0.0,1,0,0
0.5778706490059948,0.875,0.75,0.5,0.0,0.5,0.8749999999999999,0,0.0,0.0,0.0,0,0,1
0.6920953486718954,0.875,0.75,1.0,0.5,1.0,0.49999999999999994,0,0.0,0.0,0.0,0,1,0
0.19858481624529065,0.125,0.25,1.0,0.5,1.0,0.4375,1,0.0,0.0,0.0,0,1,0
0.25351574532616167,0.25,0.25,1.0,1.0,0.5,0.0,1,0.0,0.0,0.0,0,1,0
0.6851349430135298,1.0,0.75,0.0,0.0,0.0,0.18749999999999997,0,0.0,0.0,0.0,0,1,0
0.4941354879984836,0.625,0.75,0.5,0.0,0.5,0.4583333333333333,0,0.0,0.0,0.0,0,1,0
0.16543551406298132,0.125,0.25,0.5,0.0,0.5,0.6666666666666666,0,0.0,0.0,0.0,0,0,1
0.6812460014690899,0.875,0.75,0.0,0.0,0.0,0.7916666666666666,0,0.0,0.0,0.0,0,1,0
0.3742506456886952,0.375,0.5,1.0,0.5,1.0,0.5624999999999999,0,0.0,0.0,0.0,0,0,1
0.17764732364997748,0.125,0.25,1.0,0.5,1.0,0.8749999999999999,1,0.0,0.0,0.0,1,0,0
0.4845508613131768,0.75,1.0,1.0,0.0,1.0,0.14583333333333331,0,0.0,0.0,0.0,0,1,0
0.8226014738288747,1.0,0.75,0.5,0.0,0.5,0.5416666666666666,1,0.0,0.0,0.0,1,0,0
0.14770573182001281,0.25,0.25,0.0,0.0,0.0,0.08333333333333333,0,0.0,0.0,0.0,0,1,0
0.5947385256972253,0.875,0.75,1.0,0.5,0.5,0.2916666666666667,0,0.0,0.0,0.0,0,0,1
0.8035388479491979,1.0,0.75,0.5,0.5,0.5,0.9791666666666666,1,0.0,0.0,0.0,1,0,0
0.6195057223420136,0.75,0.75,1.0,0.5,1.0,0.4375,0,0.0,0.0,0.0,0,1,0
0.448735871857451,1.0,0.75,0.5,0.5,0.5,0.7083333333333333,0,0.0,0.0,0.0,1,0,0
0.4195199393408052,0.625,1.0,0.5,0.5,0.5,0.6041666666666666,0,0.0,0.0,0.0,0,1,0
0.022871596805914274,0.0,0.0,0.0,0.0,0.0,0.9791666666666666,1,0.0,0.0,0.0,0,0,1
0.051850579342700764,0.0,0.0,0.0,0.0,0.0,0.8958333333333333,0,0.0,0.0,0.0,0,0,1
0.46880849702627786,0.5,0.75,1.0,1.0,1.0,0.6666666666666666,0,0.0,0.0,0.0,0,0,1
0.44075361941094243,0.75,0.75,0.5,0.0,0.5,0.6041666666666666,0,0.0,0.0,0.0,0,1,0
0.10213728881833047,0.0,0.0,0.5,0.0,0.5,0.7291666666666666,0,0.0,0.0,0.0,0,1,0
0.42427671018647967,0.5,0.75,1.0,1.0,1.0,0.3125,0,0.0,0.0,0.0,0,1,0
0.25585562637727177,0.25,0.25,0.0,0.0,0.0,0.7708333333333333,0,0.0,0.0,0.0,0,0,1
0.3770229604530484,0.25,0.25,1.0,0.5,1.0,0.4583333333333333,0,0.0,0.0,0.0,0,1,0
0.3686438167902756,0.5,0.5,0.0,0.0,0.0,0.7499999999999999,1,0.0,0.0,0.0,0,1,0
0.6310985001066275,0.875,1.0,1.0,0.0,1.0,0.7499999999999999,0,0.0,0.0,0.0,0,0,1
0.17315712153164473,0.125,0.25,0.5,0.5,0.5,0.5624999999999999,0,0.0,0.0,0.0,1,0,0
0.521612800037912,0.75,1.0,0.5,0.0,0.5,0.2708333333333333,1,0.0,0.0,0.0,1,0,0
0.3908638011515769,0.5,0.25,0.0,0.0,0.0,0.0625,0,0.0,0.0,0.0,1,0,0
0.28303971281662443,0.75,0.5,0.5,0.5,0.5,0.7916666666666666,0,0.0,0.0,0.0,0,0,1
0.5209137975973273,1.0,0.5,1.0,0.5,1.0,0.6666666666666666,0,0.0,0.0,0.0,0,0,1
0.43128746771556525,0.75,0.75,0.0,0.0,0.0,0.6249999999999999,0,0.0,0.0,0.0,0,0,1
0.15157690211596334,0.25,0.5,1.0,0.0,1.0,0.24999999999999997,0,0.0,0.0,0.0,0,1,0
0.7121383550932399,0.875,1.0,1.0,0.5,1.0,0.7291666666666666,0,0.0,0.0,0.0,1,0,0
0.4003240290974575,0.5,0.5,1.0,0.5,0.5,0.18749999999999997,0,0.0,0.0,0.0,1,0,0
0.041223372746013315,0.0,0.0,1.0,0.5,1.0,0.9583333333333333,0,0.0,0.0,0.0,0,1,0
0.06636672748382817,0.125,0.25,0.5,0.0,0.5,0.6249999999999999,0,0.0,0.0,0.0,0,0,1
0.5404473615619743,0.75,0.75,0.0,0.0,0.0,0.5208333333333333,0,0.0,0.0,0.0,1,0,0
0.3828608155818307,0.5,0.5,0.0,0.0,0.0,0.2708333333333333,1,0.0,0.0,0.0,1,0,0
0.009297324834727389,0.0,0.0,1.0,0.5,0.5,0.0625,0,0.0,0.0,0.0,1,0,0
0.14177013482453857,0.0,0.0,0.5,0.0,0.5,0.6666666666666666,0,0.0,0.0,0.0,0,1,0
0.1582203871762671,0.25,0.5,1.0,0.5,0.5,0.9583333333333333,0,0.0,0.0,0.0,0,0,1
0.500085894367699,0.875,0.75,0.0,0.0,0.0,0.24999999999999997,0,0.0,0.0,0.0,0,0,1
0.6282758334715542,0.75,0.75,0.5,0.0,0.5,0.9791666666666666,0,0.0,0.0,0.0,0,0,1
0.40392270691656995,0.75,0.5,1.0,1.0,1.0,0.8333333333333333,0,0.0,0.0,0.0,0,1,0
0.565957988768571,0.875,0.75,1.0,0.5,1.0,0.6874999999999999,0,0.0,0.0,0.0,0,1,0
0.7554439257872664,0.875,0.75,0.5,0.5,0.5,0.8749999999999999,1,0.0,0.0,0.0,1,0,0
0.11928950548539205,0.0,0.0,0.5,0.0,0.5,0.7083333333333333,0,0.0,0.0,0.0,1,0,0
0.3275359571594437,0.5,0.75,0.0,0.0,0.0,0.5624999999999999,0,0.0,0.0,0.0,0,0,1
0.11187297111579747,0.125,0.0,0.0,0.0,0.0,0.6249999999999999,0,0.0,0.0,0.0,1,0,0
0.29401345875885604,0.5,0.75,1.0,0.5,1.0,0.6041666666666666,0,0.0,0.0,0.0,0,1,0
0.4463930289315926,0.625,0.75,1.0,0.5,1.0,0.6458333333333333,0,0.0,0.0,0.0,1,0,0
0.047357415349619694,0.0,0.0,0.0,0.0,0.0,0.24999999999999997,0,0.0,0.0,0.0,0,0,1
0.42983614908892737,0.75,0.75,0.0,0.0,0.0,0.8333333333333333,0,0.0,0.0,0.0,1,0,0
0.42972359784849423,0.5,0.5,1.0,1.0,1.0,0.6874999999999999,0,0.0,0.0,0.0,1,0,0
0.4495622349122101,0.5,1.0,0.0,0.0,0.0,0.14583333333333331,1,0.0,0.0,0.0,0,0,1
0.10504584982110278,0.125,0.25,1.0,0.5,1.0,0.8541666666666666,0,0.0,0.0,0.0,1,0,0
0.6906144112977751,0.875,0.5,0.5,0.5,0.5,0.49999999999999994,0,0.0,0.0,0.0,0,1,0
0.09973817027225555,0.0,0.0,0.0,0.0,0.0,0.6666666666666666,0,0.0,0.0,0.0,0,1,0
0.13715849584152787,0.125,0.25,0.0,0.0,0.0,0.18749999999999997,0,0.0,0.0,0.0,0,1,0
0.16467727412743172,0.25,0.5,1.0,0.0,1.0,0.8124999999999999,0,0.0,0.0,0.0,0,0,1
0.7085396772741275,1.0,0.75,0.5,0.5,0.5,0.6874999999999999,0,0.0,0.0,0.0,1,0,0
0.5095994360590479,0.875,0.75,1.0,1.0,1.0,0.8958333333333333,0,0.0,0.0,0.0,0,0,1
0.8166925337061347,1.0,1.0,0.0,0.0,0.0,0.6666666666666666,0,0.0,0.0,0.0,0,0,1
0.01571866928891311,0.0,0.0,0.5,0.5,0.5,0.08333333333333333,0,0.0,0.0,0.0,1,0,0
0.09682960926948324,0.0,0.0,1.0,1.0,0.5,0.9166666666666666,0,0.0,0.0,0.0,0,1,0
0.13034322204582616,0.0,0.0,1.0,1.0,1.0,0.5416666666666666,0,0.0,0.0,0.0,0,1,0
0.11301329289387012,0.25,0.5,0.0,0.0,0.0,0.14583333333333331,1,0.0,0.0,0.0,0,1,0
0.49120323199772536,0.75,0.5,0.0,0.0,0.0,0.12499999999999999,0,0.0,0.0,0.0,0,1,0
0.6387371750823401,1.0,1.0,0.0,0.0,0.0,0.4375,0,0.0,0.0,0.0,0,0,1
0.3575812146055968,0.375,0.5,0.0,0.0,0.0,0.9374999999999999,0,0.0,0.0,0.0,0,0,1
0.5652323294552519,0.875,0.75,0.0,0.0,0.0,0.5624999999999999,1,0.0,0.0,0.0,0,1,0
0.32415053432220464,0.375,0.5,0.5,0.0,0.5,0.16666666666666666,0,0.0,0.0,0.0,0,0,1
0.2394705352700045,0.375,0.5,0.0,0.0,0.0,0.6249999999999999,0,0.0,0.0,0.0,0,1,0
0.47890552804303016,0.625,0.75,1.0,1.0,0.5,0.0625,1,0.0,0.0,0.0,1,0,0
0.5647939719925124,0.625,1.0,0.5,0.5,0.5,0.08333333333333333,1,0.0,0.0,0.0,0,0,1
0.325619624197332,0.5,0.75,1.0,0.5,1.0,0.24999999999999997,0,0.0,0.0,0.0,1,0,0
0.6538279269246261,1.0,1.0,0.0,0.0,0.0,0.10416666666666667,0,0.0,0.0,0.0,1,0,0
0.07157666516598346,0.25,0.5,0.0,0.0,0.0,0.4583333333333333,0,0.0,0.0,0.0,0,1,0
0.7257392839371609,1.0,0.75,1.0,0.5,1.0,0.9583333333333333,0,0.0,0.0,0.0,0,1,0
0.481402388455797,0.625,0.5,0.5,0.0,0.5,0.7083333333333333,0,0.0,0.0,0.0,1,0,0
0.6326949505959292,0.875,0.5,0.5,0.0,0.5,0.6874999999999999,0,0.0,0.0,0.0,1,0,0
0.2361088074307514,0.625,0.75,0.0,0.0,0.0,0.7708333333333333,0,0.0,0.0,0.0,0,1,0
0.47568893206644086,0.5,0.5,0.0,0.0,0.0,0.6874999999999999,1,0.0,0.0,0.0,1,0,0
0.34786626543136745,0.5,0.75,1.0,0.5,0.5,0.20833333333333331,0,0.0,0.0,0.0,0,0,1
0.39724960310878377,0.875,0.75,0.5,0.5,0.5,0.10416666666666667,1,0.0,0.0,0.0,0,0,1
1.0,1.0,0.5,0.5,0.0,0.5,0.6458333333333333,0,0.0,0.0,0.0,0,0,1
0.7744176954244959,1.0,0.5,1.0,0.0,0.5,0.7083333333333333,1,0.0,0.0,0.0,0,0,1
0.37102812596260937,0.625,0.75,0.5,0.5,0.5,0.6874999999999999,0,0.0,0.0,0.0,1,0,0
0.28984610098808145,0.75,0.5,0.0,0.0,0.0,0.8749999999999999,0,0.0,0.0,0.0,1,0,0
0.6278907897542829,0.75,1.0,0.5,0.0,0.5,0.5624999999999999,0,0.0,0.0,0.0,1,0,0
0.22182368551998677,0.375,0.5,1.0,0.5,1.0,0.08333333333333333,0,0.0,0.0,0.0,0,1,0
0.47817394498021476,0.75,0.75,1.0,0.5,0.5,0.6874999999999999,0,0.0,0.0,0.0,1,0,0
0.11374783783143379,0.0,0.0,0.0,0.0,0.0,0.6666666666666666,1,0.0,0.0,0.0,1,0,0
0.32323235315025,0.625,0.5,0.0,0.0,0.0,0.22916666666666666,0,0.0,0.0,0.0,0,1,0
0.6081558183067555,0.75,1.0,1.0,0.5,0.5,0.8124999999999999,0,0.0,0.0,0.0,0,1,0
0.4363789304077909,0.625,0.75,0.5,0.0,0.5,0.8958333333333333,1,0.0,0.0,0.0,0,0,1
0.4389498376892638,0.5,0.5,0.0,0.0,0.0,0.7708333333333333,0,0.0,0.0,0.0,0,1,0
0.2861763381750113,0.375,0.5,0.0,0.0,0.0,0.8958333333333333,0,0.0,0.0,0.0,0,1,0
0.07698801033101914,0.0,0.0,0.5,0.0,0.5,0.22916666666666666,0,0.0,0.0,0.0,1,0,0
0.5119126602374239,0.625,1.0,0.5,0.5,0.5,0.7499999999999999,0,0.0,0.0,0.0,0,1,0
0.06130784541383315,0.125,0.25,0.5,0.0,0.5,0.0,0,0.0,0.0,0.0,0,0,1
0.4576007629789352,0.625,0.75,1.0,1.0,0.5,0.8124999999999999,0,0.0,0.0,0.0,1,0,0
0.2233579366395754,0.125,0.25,0.0,0.0,0.0,0.08333333333333333,1,0.0,0.0,0.0,0,0,1
0.1329792905717603,0.125,0.25,0.5,0.0,0.5,0.020833333333333332,0,0.0,0.0,0.0,1,0,0
0.7166019003388385,1.0,1.0,0.0,0.0,0.0,0.9374999999999999,0,0.0,0.0,0.0,0,1,0
0.38722958083548564,0.875,1.0,0.0,0.0,0.0,0.49999999999999994,0,0.0,0.0,0.0,0,1,0
0.20541489941473356,0.375,0.5,1.0,1.0,1.0,0.7708333333333333,0,0.0,0.0,0.0,1,0,0
0.3929756178470725,0.625,0.75,0.0,0.0,0.0,0.49999999999999994,0,0.0,0.0,0.0,0,0,1
0.16057211572637017,0.25,0.5,0.5,0.5,0.5,0.9791666666666666,0,0.0,0.0,0.0,1,0,0
0.6820901357723385,0.75,0.5,1.0,0.5,0.5,0.4375,0,0.0,0.0,0.0,1,0,0
0.29616970357557526,0.375,0.5,1.0,1.0,1.0,0.0,1,0.0,0.0,0.0,0,1,0
0.6857421273369193,1.0,0.75,1.0,0.5,1.0,0.49999999999999994,1,0.0,0.0,0.0,0,1,0
0.45222199843613015,0.5,0.5,0.0,0.0,0.0,0.6666666666666666,0,0.0,0.0,0.0,0,1,0
0.7217318674027913,1.0,1.0,0.5,0.5,0.5,0.4375,1,0.0,0.0,0.0,0,0,1
0.11323247162523993,0.0,0.0,0.5,0.5,0.5,0.6249999999999999,1,0.0,0.0,0.0,1,0,0
0.5977300191929483,1.0,1.0,0.5,0.0,0.5,0.375,1,0.0,0.0,0.0,0,1,0
0.4006083690732887,0.5,0.5,0.0,0.0,0.0,0.9791666666666666,0,0.0,0.0,0.0,1,0,0
0.048281520271070785,0.0,0.0,0.0,0.0,0.0,0.3541666666666667,0,0.0,0.0,0.0,0,1,0
0.472860341681871,0.625,0.75,0.0,0.0,0.0,0.0,0,0.0,0.0,0.0,1,0,0
0.4827204227187641,0.625,0.75,0.0,0.0,0.0,0.375,0,0.0,0.0,0.0,0,1,0
0.17842925858351305,0.25,0.25,0.0,0.0,0.0,0.2708333333333333,1,0.0,0.0,0.0,1,0,0
0.31519678695827313,0.5,0.5,0.0,0.0,0.0,0.20833333333333331,0,0.0,0.0,0.0,0,1,0
0.9089401227400896,1.0,1.0,1.0,0.5,1.0,0.14583333333333331,1,0.0,0.0,0.0,1,0,0
0.5581949150534322,1.0,1.0,1.0,0.5,0.5,0.3541666666666667,0,0.0,0.0,0.0,1,0,0
0.5774145202947658,0.5,0.5,1.0,0.0,1.0,0.16666666666666666,0,0.0,0.0,0.0,1,0,0
0.18836042461436392,0.125,0.25,1.0,0.5,1.0,0.8749999999999999,1,0.0,0.0,0.0,0,0,1
0.7546086771082625,1.0,1.0,1.0,0.5,0.5,0.5624999999999999,0,0.0,0.0,0.0,0,0,1
0.6161351088785157,1.0,1.0,0.0,0.0,0.0,0.20833333333333331,0,0.0,0.0,0.0,1,0,0
0.7569248631613867,1.0,0.75,0.5,0.5,0.5,0.9999999999999999,0,0.0,0.0,0.0,0,1,0
0.13406629860436464,0.375,0.5,0.5,0.5,0.5,0.8333333333333333,0,0.0,0.0,0.0,0,0,1
0.12929175651020072,0.375,0.5,0.5,0.0,0.5,0.6041666666666666,0,0.0,0.0,0.0,0,1,0
0.09884072222353862,0.25,0.25,0.0,0.0,0.0,0.8958333333333333,0,0.0,0.0,0.0,0,1,0
0.3980019192948369,0.625,0.75,0.5,0.0,0.5,0.5416666666666666,0,0.0,0.0,0.0,0,1,0
0.6883159964931403,0.875,0.75,0.5,0.5,0.5,0.5208333333333333,0,0.0,0.0,0.0,0,1,0
0.38558870222496033,0.625,0.75,0.0,0.0,0.0,0.9999999999999999,1,0.0,0.0,0.0,1,0,0
0.5918773546904248,1.0,0.75,0.5,0.5,0.5,0.22916666666666666,1,0.0,0.0,0.0,0,1,0
0.6998258417648034,0.875,0.5,1.0,0.5,1.0,0.7708333333333333,0,0.0,0.0,0.0,0,0,1
0.11210992109565672,0.0,0.0,0.5,0.5,0.5,0.5416666666666666,0,0.0,0.0,0.0,1,0,0
0.1559456673696183,0.25,0.5,1.0,1.0,1.0,0.7499999999999999,0,0.0,0.0,0.0,1,0,0
0.6327097599696704,0.875,0.5,0.0,0.0,0.0,0.3333333333333333,0,0.0,0.0,0.0,1,0,0
0.4826552614743028,0.375,0.5,0.5,0.5,0.5,0.9374999999999999,0,0.0,0.0,0.0,1,0,0
0.6094857000687156,0.625,0.75,0.0,0.0,0.0,0.16666666666666666,1,0.0,0.0,0.0,0,1,0
0.19017605383503544,0.125,0.25,1.0,0.5,1.0,0.10416666666666667,0,0.0,0.0,0.0,0,1,0
0.37809812098665974,0.625,0.75,1.0,0.5,1.0,0.24999999999999997,0,0.0,0.0,0.0,1,0,0
0.18946224202070946,0.125,0.25,0.5,0.5,0.5,0.10416666666666667,0,0.0,0.0,0.0,0,1,0
0.05190093121342085,0.125,0.25,1.0,0.5,0.5,0.7708333333333333,0,0.0,0.0,0.0,1,0,0
0.09921391844181694,0.25,0.5,0.0,0.0,0.0,0.0625,0,0.0,0.0,0.0,1,0,0
0.2754632372106249,0.5,0.75,0.5,0.5,0.5,0.3125,1,0.0,0.0,0.0,0,1,0
0.3227406819420421,0.375,0.5,0.5,0.5,0.5,0.7291666666666666,0,0.0,0.0,0.0,0,0,1
0.13123178447029835,0.125,0.25,1.0,0.0,1.0,0.8749999999999999,1,0.0,0.0,0.0,0,0,1
0.16741997014430254,0.125,0.25,1.0,0.0,0.5,0.2708333333333333,0,0.0,0.0,0.0,0,1,0
0.20920906096722983,0.25,0.25,0.0,0.0,0.0,0.5833333333333333,0,0.0,0.0,0.0,0,0,1
0.6238715257209203,1.0,1.0,0.0,0.0,0.0,0.4791666666666667,0,0.0,0.0,0.0,0,0,1
0.10333092434187145,0.125,0.0,0.0,0.0,0.0,0.7916666666666666,0,0.0,0.0,0.0,1,0,0
0.6310155676136768,0.875,0.75,1.0,0.5,1.0,0.7916666666666666,0,0.0,0.0,0.0,0,1,0
0.8939263796412578,1.0,1.0,1.0,1.0,1.0,0.9166666666666666,0,0.0,0.0,0.0,1,0,0
0.30808236381299914,0.25,0.25,0.0,0.0,0.0,0.49999999999999994,0,0.0,0.0,0.0,0,0,1
0.6266764211075042,0.75,1.0,0.0,0.0,0.0,0.9374999999999999,0,0.0,0.0,0.0,0,0,1
0.536910883112575,0.625,1.0,0.5,0.0,0.5,0.9374999999999999,0,0.0,0.0,0.0,1,0,0
0.11379226595265741,0.125,0.25,0.0,0.0,0.0,0.04166666666666667,0,0.0,0.0,0.0,0,0,1
0.628729000308035,0.75,0.75,0.5,0.0,0.5,0.8541666666666666,0,0.0,0.0,0.0,0,1,0
0.346592659289624,0.25,0.5,1.0,0.5,0.5,0.5416666666666666,0,0.0,0.0,0.0,0,1,0
0.5074194962443428,0.625,1.0,0.0,0.0,0.0,0.22916666666666666,0,0.0,0.0,0.0,0,1,0
0.6343921048266711,0.75,0.75,0.5,0.5,0.5,0.8749999999999999,0,0.0,0.0,0.0,0,0,1
0.05732412387744948,0.125,0.25,0.0,0.0,0.0,0.020833333333333332,1,0.0,0.0,0.0,1,0,0
0.40269649077079833,0.625,0.5,0.5,0.0,0.5,0.7708333333333333,0,0.0,0.0,0.0,0,1,0
0.6371436864677866,1.0,1.0,0.0,0.0,0.0,0.5208333333333333,1,0.0,0.0,0.0,0,1,0
0.3199802146766818,0.5,0.25,0.0,0.0,0.0,0.5833333333333333,0,0.0,0.0,0.0,1,0,0
0.5477780015638699,0.75,0.5,0.0,0.0,0.0,0.9166666666666666,0,0.0,0.0,0.0,0,1,0
0.7186840982868516,0.625,0.5,1.0,0.5,0.5,0.6041666666666666,1,0.0,0.0,0.0,0,0,1
0.5501415776129659,0.75,0.75,0.0,0.0,0.0,0.7708333333333333,0,0.0,0.0,0.0,0,1,0
0.13700447835461937,0.0,0.0,0.0,0.0,0.0,0.8333333333333333,0,0.0,0.0,0.0,0,1,0
0.3084525981565292,0.25,0.25,0.5,0.0,0.5,0.6458333333333333,0,0.0,0.0,0.0,0,1,0
0.4564397080776249,0.625,0.75,0.5,0.0,0.5,0.7708333333333333,0,0.0,0.0,0.0,0,1,0
0.6955192758808616,0.75,0.75,1.0,0.5,1.0,0.4166666666666667,0,0.0,0.0,0.0,1,0,0
0.28217188351538997,0.25,0.25,0.5,0.5,0.5,0.14583333333333331,0,0.0,0.0,0.0,0,0,1
0.1564639954505604,0.125,0.25,0.0,0.0,0.0,0.10416666666666667,0,0.0,0.0,0.0,0,0,1
0.3914413667274839,0.5,0.25,0.0,0.0,0.0,0.0625,0,0.0,0.0,0.0,0,0,1
0.7190247138828993,1.0,0.75,0.5,0.0,0.5,0.3333333333333333,1,0.0,0.0,0.0,1,0,0
0.45626495746747864,1.0,0.75,1.0,0.5,1.0,0.4166666666666667,0,0.0,0.0,0.0,1,0,0
0.2209943605904794,0.375,0.5,1.0,1.0,0.5,0.0625,1,0.0,0.0,0.0,0,0,1
0.7000183636234392,0.875,0.75,0.5,0.5,0.5,0.7083333333333333,1,0.0,0.0,0.0,0,0,1
0.20904911973082485,0.25,0.5,0.5,0.0,0.5,0.6041666666666666,0,0.0,0.0,0.0,1,0,0
0.11628616449067604,0.125,0.0,0.0,0.0,0.0,0.5416666666666666,1,0.0,0.0,0.0,0,1,0
0.06603499751202523,0.125,0.0,1.0,0.5,1.0,0.22916666666666666,0,0.0,0.0,0.0,0,0,1
0.11784114873350236,0.125,0.25,0.5,0.5,0.5,0.9791666666666666,0,0.0,0.0,0.0,1,0,0
0.5528516930076062,0.75,0.5,0.0,0.0,0.0,0.3958333333333333,0,0.0,0.0,0.0,0,1,0
0.22929649550979792,0.375,0.5,0.0,0.0,0.0,0.8124999999999999,0,0.0,0.0,0.0,0,1,0
0.4938274530246665,0.75,0.75,1.0,0.5,1.0,0.8958333333333333,0,0.0,0.0,0.0,0,1,0
0.5033883847119873,0.625,0.75,1.0,0.0,1.0,0.8333333333333333,0,0.0,0.0,0.0,0,1,0
0.49099886264009673,0.5,0.25,0.5,0.5,0.5,0.6666666666666666,1,0.0,0.0,0.0,0,1,0
0.18176729142478026,0.25,0.5,0.5,0.0,0.5,0.18749999999999997,0,0.0,0.0,0.0,0,0,1
0.50846799990522,0.875,0.5,1.0,0.5,1.0,0.08333333333333333,1,0.0,0.0,0.0,1,0,0
0.6951934696585551,1.0,0.5,1.0,0.5,1.0,0.20833333333333331,1,0.0,0.0,0.0,1,0,0
0.40689939103855177,1.0,0.75,0.0,0.0,0.0,0.4166666666666667,0,0.0,0.0,0.0,1,0,0
0.060813212330876956,0.0,0.0,1.0,0.5,1.0,0.3958333333333333,0,0.0,0.0,0.0,0,1,0
0.7796661374783783,0.875,0.75,0.0,0.0,0.0,0.8958333333333333,0,0.0,0.0,0.0,1,0,0
0.8736997369855224,1.0,1.0,0.5,0.0,0.5,0.16666666666666666,0,0.0,0.0,0.0,0,1,0
0.7508026680567733,1.0,1.0,1.0,0.5,1.0,0.6041666666666666,0,0.0,0.0,0.0,1,0,0
0.6695495580882876,0.875,0.5,0.5,0.0,0.5,0.9791666666666666,0,0.0,0.0,0.0,0,1,0
0.3959908063407815,0.5,0.25,0.0,0.0,0.0,0.0625,0,0.0,0.0,0.0,1,0,0
0.5085835130204014,0.75,0.5,0.5,0.5,0.5,0.16666666666666666,0,0.0,0.0,0.0,0,0,1
0.5616603085088738,0.75,0.75,0.0,0.0,0.0,0.8124999999999999,0,0.0,0.0,0.0,0,1,0
0.69237376489823,1.0,0.75,1.0,0.0,1.0,0.04166666666666667,0,0.0,0.0,0.0,0,0,1
0.2532995284695401,0.375,0.75,0.5,0.5,0.5,0.7708333333333333,0,0.0,0.0,0.0,0,1,0
0.729802976091747,0.875,1.0,1.0,0.5,1.0,0.49999999999999994,0,0.0,0.0,0.0,0,0,1
0.34032829419709504,1.0,0.75,0.0,0.0,0.0,0.7499999999999999,1,0.0,0.0,0.0,1,0,0
0.4343885505769733,0.5,0.5,0.0,0.0,0.0,0.6041666666666666,0,0.0,0.0,0.0,1,0,0
0.1268067435964268,0.25,0.5,1.0,0.5,1.0,0.6249999999999999,0,0.0,0.0,0.0,0,0,1
0.34896215908821654,0.375,0.25,0.0,0.0,0.0,0.3333333333333333,1,0.0,0.0,0.0,1,0,0
0.07765739402412153,0.0,0.0,0.0,0.0,0.0,0.18749999999999997,0,0.0,0.0,0.0,0,0,1
0.4382715683719167,0.5,0.5,0.5,0.5,0.5,0.14583333333333331,1,0.0,0.0,0.0,1,0,0
0.7268914532142265,1.0,0.75,0.5,0.5,0.5,0.020833333333333332,0,0.0,0.0,0.0,1,0,0
0.029906049332985806,0.0,0.0,1.0,0.5,0.5,0.6458333333333333,0,0.0,0.0,0.0,0,0,1
0.44262848612657874,0.5,0.5,0.0,0.0,0.0,0.20833333333333331,0,0.0,0.0,0.0,1,0,0
0.18217603014003747,0.25,0.5,0.5,0.5,0.5,0.18749999999999997,0,0.0,0.0,0.0,0,1,0
0.4971477146174443,0.75,0.75,1.0,0.0,1.0,0.8333333333333333,0,0.0,0.0,0.0,0,1,0
0.17841741108452006,0.25,0.25,0.0,0.0,0.0,0.6458333333333333,0,0.0,0.0,0.0,0,1,0
0.3641210340497122,0.25,0.5,0.5,0.0,0.5,0.4791666666666667,1,0.0,0.0,0.0,1,0,0
0.13976494561997962,0.25,0.25,1.0,0.5,0.5,0.12499999999999999,0,0.0,0.0,0.0,0,1,0
0.49301886121839683,0.875,1.0,0.5,0.5,0.5,0.5833333333333333,1,0.0,0.0,0.0,0,1,0
0.6328874724545648,0.75,1.0,0.0,0.0,0.0,0.020833333333333332,1,0.0,0.0,0.0,0,1,0
0.30084946567779547,0.75,0.75,1.0,0.0,1.0,0.3125,1,0.0,0.0,0.0,1,0,0
0.06942338222401252,0.0,0.0,0.5,0.5,0.5,0.6249999999999999,1,0.0,0.0,0.0,0,1,0
0.20275513589081348,0.25,0.25,0.5,0.5,0.5,0.22916666666666666,0,0.0,0.0,0.0,0,1,0
0.05775655759069262,0.125,0.0,0.5,0.0,0.5,0.6458333333333333,0,0.0,0.0,0.0,0,1,0
0.2205826600004739,0.5,0.75,0.5,0.5,0.5,0.9583333333333333,0,0.0,0.0,0.0,0,1,0
0.31527675757647566,0.75,0.75,1.0,1.0,0.5,0.8333333333333333,0,0.0,0.0,0.0,0,1,0
0.2738667867213232,0.375,0.5,0.0,0.0,0.0,0.3541666666666667,0,0.0,0.0,0.0,0,0,1
0.7234645641305121,1.0,0.75,0.0,0.0,0.0,0.04166666666666667,1,0.0,0.0,0.0,1,0,0
0.712952870649006,0.875,0.75,0.0,0.0,0.0,0.3125,0,0.0,0.0,0.0,0,0,1
0.5685851716702605,0.625,1.0,0.5,0.0,0.5,0.9999999999999999,1,0.0,0.0,0.0,0,0,1
0.017134445418572144,0.0,0.0,0.5,0.0,0.5,0.8541666666666666,0,0.0,0.0,0.0,0,0,1
0.19180212307181954,0.25,0.25,1.0,0.5,0.5,0.3541666666666667,0,0.0,0.0,0.0,0,1,0
0.2762362865199157,0.125,0.0,0.5,0.5,0.5,0.8958333333333333,1,0.0,0.0,0.0,0,0,1
0.06783581735895554,0.0,0.0,1.0,0.5,1.0,0.2916666666666667,0,0.0,0.0,0.0,0,0,1
0.31131080728858146,0.625,0.75,0.5,0.5,0.5,0.8333333333333333,0,0.0,0.0,0.0,0,1,0
0.5852427552543659,0.875,0.75,1.0,1.0,0.5,0.7499999999999999,0,0.0,0.0,0.0,0,1,0
0.30914271497286927,0.375,0.5,1.0,1.0,1.0,0.4583333333333333,0,0.0,0.0,0.0,1,0,0
0.46351562685117176,0.5,0.25,0.5,0.5,0.5,0.5208333333333333,0,0.0,0.0,0.0,0,1,0
0.3056417790204488,0.5,0.5,1.0,0.5,0.5,0.12499999999999999,0,0.0,0.0,0.0,0,1,0
0.4798710992109566,0.875,0.75,0.5,0.0,0.5,0.9791666666666666,0,0.0,0.0,0.0,0,1,0
0.05474433097173187,0.125,0.25,0.0,0.0,0.0,0.4166666666666667,0,0.0,0.0,0.0,0,0,1
0.5522178518114826,0.875,0.75,0.5,0.5,0.5,0.5833333333333333,0,0.0,0.0,0.0,0,0,1
0.7105093239817075,0.875,0.75,1.0,0.5,1.0,0.9166666666666666,0,0.0,0.0,0.0,0,0,1
0.5058200838802929,1.0,0.75,1.0,0.5,1.0,0.12499999999999999,1,0.0,0.0,0.0,0,1,0
0.467259436532948,0.625,0.5,0.5,0.5,0.5,0.10416666666666667,0,0.0,0.0,0.0,0,1,0
0.3111804847996589,0.75,0.75,0.0,0.0,0.0,0.5416666666666666,1,0.0,0.0,0.0,0,1,0
0.07589804042366657,0.125,0.0,0.5,0.0,0.5,0.8749999999999999,1,0.0,0.0,0.0,1,0,0
0.09441271947491886,0.0,0.0,1.0,0.5,0.5,0.9374999999999999,0,0.0,0.0,0.0,0,0,1
0.045580290500675316,0.0,0.0,0.0,0.0,0.0,0.3333333333333333,1,0.0,0.0,0.0,0,0,1
0.0007878586830320122,0.0,0.0,1.0,0.5,1.0,0.4791666666666667,0,0.0,0.0,0.0,1,0,0
0.30162843873658274,0.25,0.25,0.5,0.0,0.5,0.5624999999999999,0,0.0,0.0,0.0,0,0,1
0.22207248299883894,0.375,0.25,0.5,0.5,0.5,0.5208333333333333,0,0.0,0.0,0.0,0,0,1
0.14509335829206457,0.125,0.25,0.5,0.0,0.5,0.7708333333333333,1,0.0,0.0,0.0,0,1,0
0.4316103120631235,0.75,0.75,0.0,0.0,0.0,0.5208333333333333,0,0.0,0.0,0.0,0,1,0
0.36610549013103333,0.5,0.5,1.0,1.0,1.0,0.8124999999999999,0,0.0,0.0,0.0,0,0,1
0.11325320474847762,0.0,0.0,0.5,0.0,0.5,0.0,0,0.0,0.0,0.0,1,0,0
0.42276911593962524,1.0,0.75,0.5,0.0,0.5,0.375,0,0.0,0.0,0.0,1,0,0
0.6182765443214937,1.0,1.0,1.0,1.0,1.0,0.5208333333333333,0,0.0,0.0,0.0,1,0,0
0.46137715328294204,0.75,1.0,0.0,0.0,0.0,0.7083333333333333,0,0.0,0.0,0.0,1,0,0
0.3333590029144848,0.5,0.75,0.5,0.0,0.5,0.3125,1,0.0,0.0,0.0,0,1,0
0.33261557235267636,0.625,0.5,0.5,0.5,0.5,0.24999999999999997,1,0.0,0.0,0.0,1,0,0
0.48822358600099525,0.625,0.5,1.0,0.5,1.0,0.18749999999999997,0,0.0,0.0,0.0,0,0,1
0.7897720541193755,0.875,1.0,1.0,0.5,1.0,0.14583333333333331,0,0.0,0.0,0.0,1,0,0
0.4649817548515509,0.875,1.0,0.0,0.0,0.0,0.5416666666666666,0,0.0,0.0,0.0,1,0,0
0.22172890552804306,0.375,0.5,0.0,0.0,0.0,0.5208333333333333,0,0.0,0.0,0.0,1,0,0
0.340968059142715,0.625,1.0,0.5,0.5,0.5,0.04166666666666667,0,0.0,0.0,0.0,1,0,0
0.5814574793261142,0.625,0.75,0.5,0.5,0.5,0.9166666666666666,0,0.0,0.0,0.0,0,1,0
0.41329704049475163,0.5,0.5,0.5,0.5,0.5,0.7291666666666666,0,0.0,0.0,0.0,0,1,0
0.13760277705376397,0.0,0.0,0.0,0.0,0.0,0.8333333333333333,0,0.0,0.0,0.0,0,1,0
0.42424412956424906,0.625,0.75,0.5,0.0,0.5,0.14583333333333331,0,0.0,0.0,0.0,0,1,0
0.4913128213634102,0.75,0.5,0.5,0.5,0.5,0.6458333333333333,0,0.0,0.0,0.0,0,0,1
0.6583092434187143,0.875,0.75,1.0,0.5,1.0,0.375,0,0.0,0.0,0.0,0,0,1
0.0395528753880056,0.0,0.0,0.0,0.0,0.0,0.22916666666666666,0,0.0,0.0,0.0,0,1,0
0.7634735682297467,1.0,0.5,0.5,0.0,0.5,0.9166666666666666,0,0.0,0.0,0.0,0,1,0
0.019995616425372606,0.0,0.0,1.0,0.0,0.5,0.9166666666666666,0,0.0,0.0,0.0,1,0,0
0.5241629741961472,0.875,0.75,1.0,0.0,1.0,0.24999999999999997,0,0.0,0.0,0.0,1,0,0
0.6826203113522735,1.0,1.0,1.0,0.5,1.0,0.8958333333333333,1,0.0,0.0,0.0,0,1,0
0.7261035945311946,1.0,1.0,1.0,0.0,0.5,0.9791666666666666,0,0.0,0.0,0.0,0,1,0
0.27064130512048906,0.5,0.75,0.0,0.0,0.0,0.9166666666666666,0,0.0,0.0,0.0,1,0,0
0.08856597872189181,0.0,0.0,1.0,0.5,0.5,0.12499999999999999,1,0.0,0.0,0.0,0,0,1
0.25309219723716325,0.375,0.5,0.5,0.0,0.5,0.9583333333333333,0,0.0,0.0,0.0,0,1,0
0.5007049261900812,0.75,0.75,1.0,0.5,0.5,0.9583333333333333,0,0.0,0.0,0.0,0,0,1
0.7348559344122456,1.0,0.75,0.0,0.0,0.0,0.3125,0,0.0,0.0,0.0,0,0,1
0.4304759140345474,0.375,0.5,0.0,0.0,0.0,0.6458333333333333,0,0.0,0.0,0.0,1,0,0
0.3181971660782409,0.5,1.0,0.5,0.0,0.5,0.16666666666666666,1,0.0,0.0,0.0,1,0,0
0.40680757292135633,0.5,0.5,1.0,0.5,0.5,0.5208333333333333,0,0.0,0.0,0.0,0,1,0
0.364648247754899,0.5,0.75,0.5,0.0,0.5,0.9791666666666666,0,0.0,0.0,0.0,1,0,0
0.15548065303414452,0.125,0.25,0.0,0.0,0.0,0.8124999999999999,1,0.0,0.0,0.0,0,0,1
0.29911084520057823,0.375,0.5,0.0,0.0,0.0,0.9583333333333333,0,0.0,0.0,0.0,0,0,1
0.4255888206999503,1.0,0.75,0.5,0.0,0.5,0.3958333333333333,0,0.0,0.0,0.0,0,1,0
0.672840200933583,1.0,1.0,1.0,0.5,0.5,0.10416666666666667,0,0.0,0.0,0.0,0,0,1
0.26292858327607044,0.375,0.5,0.0,0.0,0.0,0.20833333333333331,0,0.0,0.0,0.0,1,0,0
0.18608274293296687,0.25,0.5,0.0,0.0,0.0,0.5833333333333333,0,0.0,0.0,0.0,0,1,0
0.19944968367177693,0.125,0.0,0.0,0.0,0.0,0.12499999999999999,1,0.0,0.0,0.0,1,0,0
0.4180567732151743,0.5,0.5,0.0,0.0,0.0,0.5833333333333333,0,0.0,0.0,0.0,0,0,1
0.6352688197521503,0.875,0.75,0.5,0.0,0.5,0.8749999999999999,0,0.0,0.0,0.0,1,0,0
0.44150889747174377,0.75,0.5,0.0,0.0,0.0,0.0625,0,0.0,0.0,0.0,0,1,0
0.7717549700258277,1.0,0.75,1.0,0.5,0.5,0.4791666666666667,1,0.0,0.0,0.0,1,0,0
0.013615738217662255,0.0,0.0,0.5,0.5,0.5,0.04166666666666667,1,0.0,0.0,0.0,0,0,1
0.1419626566831742,0.125,0.25,0.0,0.0,0.0,0.22916666666666666,0,0.0,0.0,0.0,0,1,0
0.0779624671231903,0.125,0.0,0.0,0.0,0.0,0.7083333333333333,0,0.0,0.0,0.0,0,0,1
0.2915551027178163,0.375,0.25,0.0,0.0,0.0,0.14583333333333331,1,0.0,0.0,0.0,1,0,0
0.8294670994952966,0.875,1.0,1.0,0.5,0.5,0.7708333333333333,0,0.0,0.0,0.0,0,1,0
0.7064959836978414,1.0,0.75,0.0,0.0,0.0,0.8333333333333333,0,0.0,0.0,0.0,0,1,0
0.19902909745752673,0.5,0.5,0.0,0.0,0.0,0.7708333333333333,1,0.0,0.0,0.0,1,0,0
0.37904592090609673,0.75,0.75,1.0,0.0,1.0,0.2916666666666667,0,0.0,0.0,0.0,1,0,0
0.27808449636281785,0.25,0.25,0.0,0.0,0.0,0.08333333333333333,0,0.0,0.0,0.0,0,0,1
0.5253388384711988,0.75,0.75,1.0,1.0,0.5,0.8124999999999999,0,0.0,0.0,0.0,0,0,1
0.02790086012842689,0.0,0.0,0.5,0.5,0.5,0.3125,0,0.0,0.0,0.0,0,1,0
0.007535009359524206,0.0,0.0,0.5,0.5,0.5,0.9374999999999999,0,0.0,0.0,0.0,0,1,0
0.2362628249176599,0.25,0.5,0.5,0.5,0.5,0.5624999999999999,0,0.0,0.0,0.0,0,0,1
0.09985664526218517,0.0,0.0,0.0,0.0,0.0,0.24999999999999997,0,0.0,0.0,0.0,1,0,0
0.40395824941354885,0.625,0.5,0.0,0.0,0.0,0.8333333333333333,0,0.0,0.0,0.0,0,0,1
0.11319989100300928,0.0,0.0,0.5,0.5,0.5,0.20833333333333331,0,0.0,0.0,0.0,0,0,1
0.34049415918299647,0.5,0.5,1.0,0.0,0.5,0.7499999999999999,0,0.0,0.0,0.0,1,0,0
0.528025258867853,0.875,0.75,0.5,0.0,0.5,0.04166666666666667,0,0.0,0.0,0.0,0,0,1
0.3437314882828235,0.875,0.5,0.0,0.0,0.0,0.14583333333333331,0,0.0,0.0,0.0,1,0,0
0.16175094187616995,0.125,0.0,0.5,0.5,0.5,0.7708333333333333,0,0.0,0.0,0.0,0,1,0
0.9509098879226596,1.0,1.0,1.0,0.5,0.5,0.9583333333333333,1,0.0,0.0,0.0,1,0,0
0.5748495367627894,0.75,0.5,1.0,1.0,1.0,0.6874999999999999,0,0.0,0.0,0.0,0,0,1
0.5436254531668365,0.625,0.75,0.5,0.5,0.5,0.7708333333333333,0,0.0,0.0,0.0,1,0,0
0.12589744804871694,0.125,0.25,0.0,0.0,0.0,0.8541666666666666,0,0.0,0.0,0.0,0,1,0
0.4565226405705756,0.625,0.5,1.0,0.5,1.0,0.4791666666666667,0,0.0,0.0,0.0,0,0,1
0.26998376892637965,0.5,0.75,0.0,0.0,0.0,0.3541666666666667,0,0.0,0.0,0.0,0,0,1
0.2384131459848826,0.25,0.25,0.5,0.5,0.5,0.49999999999999994,0,0.0,0.0,0.0,0,0,1
0.6319929862805962,0.75,0.5,1.0,0.0,1.0,0.24999999999999997,0,0.0,0.0,0.0,0,0,1
0.1385950050944246,0.125,0.25,0.5,0.5,0.5,0.7916666666666666,0,0.0,0.0,0.0,0,0,1
0.1828928038291117,0.125,0.25,0.0,0.0,0.0,0.4375,0,0.0,0.0,0.0,1,0,0
0.6037485486813733,0.875,1.0,0.5,0.0,0.5,0.6041666666666666,0,0.0,0.0,0.0,0,1,0
0.3679536999739355,0.625,1.0,0.0,0.0,0.0,0.6041666666666666,0,0.0,0.0,0.0,1,0,0
0.45691064616259514,0.5,0.75,0.5,0.5,0.5,0.7499999999999999,0,0.0,0.0,0.0,0,0,1
0.04480427931663626,0.125,0.25,0.5,0.0,0.5,0.9166666666666666,0,0.0,0.0,0.0,1,0,0
0.36667713195744384,0.625,1.0,0.5,0.0,0.5,0.8749999999999999,0,0.0,0.0,0.0,0,0,1
0.45900172973485304,0.875,1.0,0.0,0.0,0.0,0.2916666666666667,0,0.0,0.0,0.0,0,1,0
0.5497002582754781,1.0,1.0,0.5,0.5,0.5,0.7083333333333333,0,0.0,0.0,0.0,1,0,0
0.19884249934838757,0.25,0.25,1.0,1.0,0.5,0.10416666666666667,1,0.0,0.0,0.0,0,1,0
0.30724119138449874,0.5,0.5,1.0,0.5,1.0,0.20833333333333331,0,0.0,0.0,0.0,1,0,0
0.638488377603488,0.875,0.75,1.0,0.5,0.5,0.5624999999999999,0,0.0,0.0,0.0,0,0,1
0.16779020448783263,0.25,0.5,0.5,0.5,0.5,0.6041666666666666,0,0.0,0.0,0.0,0,0,1
0.6285838684453713,1.0,0.75,1.0,0.5,1.0,0.3125,0,0.0,0.0,0.0,1,0,0
0.1971305357439045,0.25,0.0,1.0,1.0,0.5,0.5624999999999999,0,0.0,0.0,0.0,1,0,0
0.09749603108783736,0.125,0.25,0.0,0.0,0.0,0.49999999999999994,0,0.0,0.0,0.0,0,1,0
0.617553846882923,1.0,1.0,0.5,0.0,0.5,0.9791666666666666,0,0.0,0.0,0.0,0,1,0
0.6835592256474659,0.875,1.0,0.5,0.0,0.5,0.6041666666666666,0,0.0,0.0,0.0,0,0,1
0.16980427931663628,0.125,0.25,0.0,0.0,0.0,0.9166666666666666,1,0.0,0.0,0.0,0,1,0
0.3283563964647064,0.375,0.5,1.0,0.0,1.0,0.2708333333333333,0,0.0,0.0,0.0,0,1,0
0.3323904698718101,0.625,0.75,0.0,0.0,0.0,0.5416666666666666,0,0.0,0.0,0.0,0,0,1
0.7788190413003815,1.0,0.75,0.0,0.0,0.0,0.9791666666666666,0,0.0,0.0,0.0,0,0,1
0.17623747126981495,0.125,0.0,0.5,0.0,0.5,0.6041666666666666,0,0.0,0.0,0.0,1,0,0
0.2835343458995806,0.375,0.25,1.0,1.0,1.0,0.18749999999999997,0,0.0,0.0,0.0,0,1,0
0.08138343245740826,0.125,0.25,0.0,0.0,0.0,0.3958333333333333,1,0.0,0.0,0.0,1,0,0
0.18022119280619864,0.25,0.5,1.0,0.5,1.0,0.8958333333333333,0,0.0,0.0,0.0,0,1,0
0.76730623415397,0.875,0.75,1.0,0.5,0.5,0.12499999999999999,0,0.0,0.0,0.0,0,0,1
0.3443327488567164,0.625,0.25,0.5,0.0,0.5,0.6874999999999999,0,0.0,0.0,0.0,0,0,1
0.6062839134658674,1.0,0.75,1.0,0.0,0.5,0.5416666666666666,0,0.0,0.0,0.0,0,0,1
0.45943120157334794,0.625,0.75,1.0,0.5,1.0,0.4583333333333333,1,0.0,0.0,0.0,0,1,0
0.3294404426225624,0.375,0.5,0.0,0.0,0.0,0.9374999999999999,0,0.0,0.0,0.0,0,0,1
0.15694381915977537,0.25,0.5,0.0,0.0,0.0,0.9166666666666666,0,0.0,0.0,0.0,0,0,1
0.6136708290879795,0.625,0.5,0.0,0.0,0.0,0.49999999999999994,0,0.0,0.0,0.0,1,0,0
0.436675117882615,0.5,0.75,0.5,0.0,0.5,0.5624999999999999,1,0.0,0.0,0.0,1,0,0
0.5081688505556478,1.0,0.75,1.0,1.0,1.0,0.3541666666666667,0,0.0,0.0,0.0,0,1,0
0.1676924626211407,0.125,0.25,0.5,0.0,0.5,0.24999999999999997,0,0.0,0.0,0.0,0,0,1
0.13860092884392106,0.0,0.0,1.0,0.5,1.0,0.24999999999999997,0,0.0,0.0,0.0,0,1,0
0.38487192853588614,1.0,0.5,0.5,0.0,0.5,0.9166666666666666,0,0.0,0.0,0.0,0,1,0
0.7606538634694218,1.0,1.0,0.5,0.5,0.5,0.6874999999999999,1,0.0,0.0,0.0,1,0,0
0.20239378717152812,0.5,0.5,1.0,0.0,1.0,0.2708333333333333,1,0.0,0.0,0.0,1,0,0
0.14429957585953607,0.0,0.0,0.0,0.0,0.0,0.5624999999999999,0,0.0,0.0,0.0,1,0,0
0.31674288557685476,0.5,0.5,0.5,0.0,0.5,0.24999999999999997,0,0.0,0.0,0.0,0,1,0
0.26669608795583255,0.25,0.5,1.0,0.0,1.0,0.6874999999999999,0,0.0,0.0,0.0,0,0,1
0.6456561144942303,0.875,0.75,0.0,0.0,0.0,0.08333333333333333,0,0.0,0.0,0.0,1,0,0
0.3135618320972443,0.5,0.75,0.0,0.0,0.0,0.8124999999999999,0,0.0,0.0,0.0,1,0,0
0.3695383029642443,0.5,0.5,1.0,0.5,1.0,0.18749999999999997,0,0.0,0.0,0.0,1,0,0
0.284597658934199,0.625,0.5,1.0,1.0,1.0,0.7291666666666666,0,0.0,0.0,0.0,0,0,1
0.44156517309196036,0.75,0.75,1.0,0.5,1.0,0.10416666666666667,0,0.0,0.0,0.0,0,1,0
0.3301838731843708,0.375,0.5,1.0,1.0,1.0,0.4166666666666667,0,0.0,0.0,0.0,0,1,0
0.5654544700613701,0.875,0.75,0.0,0.0,0.0,0.7083333333333333,0,0.0,0.0,0.0,0,0,1
0.009386181077174609,0.0,0.0,0.0,0.0,0.0,0.3125,0,0.0,0.0,0.0,0,1,0
0.46711726654503244,0.5,0.75,0.5,0.0,0.5,0.3958333333333333,1,0.0,0.0,0.0,0,0,1
0.48513435063858024,0.5,0.5,1.0,0.5,1.0,0.6249999999999999,0,0.0,0.0,0.0,1,0,0
0.4378243252849324,0.625,0.5,0.0,0.0,0.0,0.08333333333333333,1,0.0,0.0,0.0,0,0,1
0.6085793663957539,1.0,1.0,1.0,0.5,1.0,0.10416666666666667,0,0.0,0.0,0.0,0,1,0
0.4600561571452267,0.625,0.75,0.5,0.0,0.5,0.020833333333333332,0,0.0,0.0,0.0,1,0,0
0.6213391228111746,0.75,1.0,0.5,0.5,0.5,0.7916666666666666,0,0.0,0.0,0.0,1,0,0
0.1595887733099543,0.125,0.0,0.5,0.0,0.5,0.4375,0,0.0,0.0,0.0,1,0,0
0.3059586996185106,0.5,0.75,0.5,0.5,0.5,0.20833333333333331,1,0.0,0.0,0.0,1,0,0
0.33287917920526977,0.625,0.25,0.0,0.0,0.0,0.2916666666666667,0,0.0,0.0,0.0,0,0,1
0.4614334289031586,0.375,0.5,1.0,0.5,0.5,0.24999999999999997,0,0.0,0.0,0.0,0,1,0
0.5778528777575054,0.75,0.75,0.5,0.0,0.5,0.6666666666666666,0,0.0,0.0,0.0,0,1,0
0.6313532213349762,1.0,1.0,1.0,0.5,0.5,0.9374999999999999,0,0.0,0.0,0.0,1,0,0
0.3689251948913585,0.875,0.75,1.0,0.5,0.5,0.2708333333333333,0,0.0,0.0,0.0,0,0,1
0.30547295215979914,0.5,0.25,0.0,0.0,0.0,0.7916666666666666,1,0.0,0.0,0.0,0,1,0
0.5171137122953344,0.875,1.0,1.0,0.0,1.0,0.020833333333333332,1,0.0,0.0,0.0,0,0,1
0.8211383077032438,1.0,0.75,0.5,0.0,0.5,0.18749999999999997,0,0.0,0.0,0.0,0,0,1
0.1278108191360804,0.125,0.25,1.0,0.0,1.0,0.8541666666666666,1,0.0,0.0,0.0,0,0,1
0.4061826173494776,0.5,0.5,1.0,0.5,1.0,0.6041666666666666,0,0.0,0.0,0.0,0,1,0
0.3493086984337607,0.625,0.5,0.5,0.0,0.5,0.6458333333333333,0,0.0,0.0,0.0,0,0,1
0.7170550671753193,0.625,0.75,1.0,0.0,0.5,0.16666666666666666,0,0.0,0.0,0.0,0,0,1
0.29122337274601334,0.375,0.5,0.5,0.0,0.5,0.9791666666666666,0,0.0,0.0,0.0,0,1,0
0.6812756202165723,1.0,1.0,0.0,0.0,0.0,0.3125,0,0.0,0.0,0.0,0,0,1
0.2702473757789731,0.375,0.25,0.5,0.0,0.5,0.7916666666666666,0,0.0,0.0,0.0,0,0,1
0.2796454043551406,0.625,0.5,1.0,0.0,0.5,0.08333333333333333,0,0.0,0.0,0.0,1,0,0
0.2672588441579983,0.375,0.25,0.5,0.5,0.5,0.9374999999999999,1,0.0,0.0,0.0,1,0,0
0.3563994265810488,0.5,0.5,1.0,0.5,1.0,0.2916666666666667,0,0.0,0.0,0.0,0,1,0
0.4775104850366088,0.75,0.75,0.0,0.0,0.0,0.0625,0,0.0,0.0,0.0,0,0,1
0.14646174442575174,0.125,0.0,1.0,0.5,0.5,0.4791666666666667,0,0.0,0.0,0.0,1,0,0
0.6298693220861076,0.875,0.75,0.5,0.5,0.5,0.49999999999999994,0,0.0,0.0,0.0,0,0,1
0.6541981612681563,0.75,0.75,0.5,0.0,0.5,0.7499999999999999,0,0.0,0.0,0.0,0,0,1
0.32308722128758627,0.625,0.75,0.5,0.0,0.5,0.4791666666666667,0,0.0,0.0,0.0,0,0,1
0.12188114589010261,0.25,0.5,0.5,0.0,0.5,0.8541666666666666,1,0.0,0.0,0.0,0,1,0
0.35767895647228876,0.375,0.5,0.0,0.0,0.0,0.24999999999999997,1,0.0,0.0,0.0,1,0,0
0.518277729071393,0.625,0.25,1.0,0.5,0.5,0.3958333333333333,0,0.0,0.0,0.0,0,1,0
0.4361538279269247,1.0,1.0,0.0,0.0,0.0,0.08333333333333333,0,0.0,0.0,0.0,1,0,0
0.3792029002677535,0.375,0.5,0.5,0.0,0.5,0.3958333333333333,0,0.0,0.0,0.0,0,1,0
0.25510923394071516,0.125,0.25,0.5,0.0,0.5,0.3541666666666667,0,0.0,0.0,0.0,0,1,0
0.6019980807051631,0.75,0.75,1.0,0.0,1.0,0.7916666666666666,1,0.0,0.0,0.0,1,0,0
0.6505728265763098,0.875,0.75,0.0,0.0,0.0,0.9999999999999999,0,0.0,0.0,0.0,0,0,1
0.4858866668246334,1.0,1.0,1.0,0.0,1.0,0.04166666666666667,0,0.0,0.0,0.0,0,1,0
0.1432303390754212,0.125,0.25,0.0,0.0,0.0,0.8958333333333333,0,0.0,0.0,0.0,0,1,0
0.38195448190886905,0.875,0.75,0.0,0.0,0.0,0.6249999999999999,0,0.0,0.0,0.0,0,1,0
0.09717911048977562,0.375,0.25,0.0,0.0,0.0,0.6041666666666666,0,0.0,0.0,0.0,0,0,1
0.3808793213752577,0.875,0.5,0.5,0.0,0.5,0.8333333333333333,0,0.0,0.0,0.0,0,1,0
0.28891903419188214,0.5,0.75,0.5,0.5,0.5,0.4791666666666667,0,0.0,0.0,0.0,0,0,1
0.16487571973556386,0.125,0.25,0.0,0.0,0.0,0.08333333333333333,0,0.0,0.0,0.0,0,1,0
0.08741973319432268,0.125,0.25,0.5,0.0,0.5,0.3958333333333333,0,0.0,0.0,0.0,1,0,0
0.670994952965429,1.0,0.75,1.0,1.0,1.0,0.4791666666666667,0,0.0,0.0,0.0,1,0,0
0.1900279600976234,0.25,0.5,0.5,0.0,0.5,0.3333333333333333,1,0.0,0.0,0.0,0,1,0
0.09128794161552498,0.0,0.0,0.0,0.0,0.0,0.14583333333333331,0,0.0,0.0,0.0,0,1,0
0.31906795725422366,1.0,0.5,0.0,0.0,0.0,0.4166666666666667,0,0.0,0.0,0.0,0,0,1
0.3227406819420421,0.625,0.75,0.5,0.5,0.5,0.2708333333333333,1,0.0,0.0,0.0,1,0,0
0.6836391962656683,0.625,0.75,0.0,0.0,0.0,0.7708333333333333,1,0.0,0.0,0.0,0,1,0
0.40038326659242235,0.375,0.5,0.5,0.5,0.5,0.6458333333333333,0,0.0,0.0,0.0,0,1,0
0.039857948487074385,0.0,0.0,0.0,0.0,0.0,0.7291666666666666,0,0.0,0.0,0.0,0,1,0
0.11438464090230555,0.125,0.25,0.0,0.0,0.0,0.8124999999999999,0,0.0,0.0,0.0,0,0,1
0.41707639267350666,0.875,0.75,0.5,0.5,0.5,0.0625,1,0.0,0.0,0.0,1,0,0
0.43060327464872167,0.5,0.5,0.0,0.0,0.0,0.4166666666666667,0,0.0,0.0,0.0,0,0,1
0.2935188256758998,0.5,0.5,0.5,0.5,0.5,0.49999999999999994,0,0.0,0.0,0.0,1,0,0
0.4478532331824753,0.5,0.5,0.5,0.5,0.5,0.9166666666666666,0,0.0,0.0,0.0,1,0,0
0.24151126697154235,0.5,0.75,0.5,0.0,0.5,0.0,0,0.0,0.0,0.0,1,0,0
0.33191953178683986,0.625,0.25,1.0,0.0,1.0,0.9583333333333333,1,0.0,0.0,0.0,1,0,0
0.47100028433997587,0.75,0.75,0.0,0.0,0.0,0.24999999999999997,0,0.0,0.0,0.0,0,0,1
0.5094809610691183,1.0,1.0,1.0,0.5,1.0,0.3125,0,0.0,0.0,0.0,0,1,0
0.34736867047366304,0.5,0.75,0.0,0.0,0.0,0.5833333333333333,0,0.0,0.0,0.0,1,0,0
0.2926421107504206,0.5,0.25,0.5,0.0,0.5,0.7916666666666666,0,0.0,0.0,0.0,1,0,0
0.5389605004383575,0.875,0.75,0.5,0.5,0.5,0.5833333333333333,1,0.0,0.0,0.0,0,0,1
0.8284037864606782,0.875,0.5,0.5,0.0,0.5,0.22916666666666666,0,0.0,0.0,0.0,1,0,0
0.3138787526953061,0.5,0.75,0.5,0.0,0.5,0.6249999999999999,0,0.0,0.0,0.0,0,0,1
0.44292763547615105,0.625,0.75,0.0,0.0,0.0,0.3958333333333333,0,0.0,0.0,0.0,1,0,0
0.6602196526313295,0.875,1.0,0.0,0.0,0.0,0.7083333333333333,0,0.0,0.0,0.0,0,1,0
0.4909840532663555,0.5,0.25,0.0,0.0,0.0,0.8333333333333333,0,0.0,0.0,0.0,1,0,0
0.49259827500414666,0.625,1.0,1.0,0.0,1.0,0.5624999999999999,0,0.0,0.0,0.0,0,1,0
0.20151411037130068,0.125,0.25,1.0,0.5,1.0,0.7083333333333333,1,0.0,0.0,0.0,1,0,0
0.24309290808710282,0.5,0.75,1.0,0.5,1.0,0.5833333333333333,0,0.0,0.0,0.0,0,0,1
0.00838802928701751,0.0,0.0,0.0,0.0,0.0,0.8958333333333333,1,0.0,0.0,0.0,1,0,0
0.16893941189015,0.125,0.0,0.5,0.0,0.5,0.7916666666666666,0,0.0,0.0,0.0,0,1,0
0.1656665402933441,0.375,0.25,0.5,0.5,0.5,0.5833333333333333,0,0.0,0.0,0.0,1,0,0
0.3462875861905552,0.25,0.5,0.5,0.5,0.5,0.6874999999999999,0,0.0,0.0,0.0,0,0,1
0.01126993341705566,0.0,0.0,1.0,0.5,0.5,0.18749999999999997,0,0.0,0.0,0.0,1,0,0
0.7838186858754117,0.875,0.75,1.0,0.5,0.5,0.7499999999999999,0,0.0,0.0,0.0,0,1,0
0.15240622704547072,0.25,0.25,0.0,0.0,0.0,0.9791666666666666,0,0.0,0.0,0.0,0,0,1
0.10935241570504468,0.0,0.0,0.5,0.0,0.5,0.12499999999999999,1,0.0,0.0,0.0,1,0,0
0.0635410989740066,0.125,0.0,1.0,0.0,1.0,0.16666666666666666,0,0.0,0.0,0.0,0,0,1
0.6845188730658959,1.0,0.75,0.0,0.0,0.0,0.3125,0,0.0,0.0,0.0,0,0,1
0.11864085491552735,0.125,0.25,1.0,0.5,0.5,0.4166666666666667,0,0.0,0.0,0.0,1,0,0
0.07374771935644388,0.125,0.25,0.5,0.0,0.5,0.2708333333333333,0,0.0,0.0,0.0,0,0,1
0.46540826481529757,0.625,0.75,0.0,0.0,0.0,0.020833333333333332,0,0.0,0.0,0.0,0,1,0
0.3024784967893278,0.75,1.0,1.0,0.5,0.5,0.5208333333333333,0,0.0,0.0,0.0,0,1,0
0.4523819396725352,0.75,1.0,0.0,0.0,0.0,0.6874999999999999,0,0.0,0.0,0.0,0,0,1
0.8085592256474659,1.0,0.75,0.5,0.5,0.5,0.9583333333333333,0,0.0,0.0,0.0,1,0,0
0.1274465085420468,0.125,0.0,0.0,0.0,0.0,0.9999999999999999,0,0.0,0.0,0.0,0,0,1
0.28889830106864445,0.625,0.5,0.0,0.0,0.0,0.3541666666666667,0,0.0,0.0,0.0,0,0,1
0.5474166528445845,0.625,0.75,0.0,0.0,0.0,0.22916666666666666,0,0.0,0.0,0.0,0,0,1
0.503003340994716,0.75,0.75,1.0,0.5,1.0,0.375,1,0.0,0.0,0.0,0,1,0
0.10337239058834681,0.0,0.0,0.5,0.5,0.5,0.7291666666666666,0,0.0,0.0,0.0,0,0,1
0.3729089164277421,0.375,0.5,1.0,0.5,1.0,0.7708333333333333,0,0.0,0.0,0.0,0,1,0
0.7997861526431771,0.875,0.5,0.0,0.0,0.0,0.3125,0,0.0,0.0,0.0,0,0,1
0.25440134587588564,0.25,0.5,0.0,0.0,0.0,0.9374999999999999,0,0.0,0.0,0.0,0,0,1
0.14169904983058076,0.0,0.0,1.0,0.0,1.0,0.14583333333333331,0,0.0,0.0,0.0,1,0,0
0.6092309788403668,0.875,0.75,0.0,0.0,0.0,0.16666666666666666,0,0.0,0.0,0.0,0,0,1
0.5718847001398004,0.875,1.0,0.5,0.0,0.5,0.0625,0,0.0,0.0,0.0,0,1,0
0.6456146482477548,0.75,0.5,0.0,0.0,0.0,0.7291666666666666,0,0.0,0.0,0.0,0,0,1
0.6432658815724001,0.875,1.0,0.0,0.0,0.0,0.9583333333333333,0,0.0,0.0,0.0,0,0,1
0.09427351136175154,0.0,0.0,0.5,0.0,0.5,0.7708333333333333,0,0.0,0.0,0.0,0,1,0
0.3854672653602825,0.75,0.75,1.0,0.0,0.5,0.9999999999999999,0,0.0,0.0,0.0,0,1,0
0.05315972798142313,0.0,0.0,1.0,0.5,1.0,0.9999999999999999,0,0.0,0.0,0.0,0,0,1
0.2178340402341066,0.25,0.25,0.0,0.0,0.0,0.9166666666666666,0,0.0,0.0,0.0,0,0,1
0.22714913631732345,0.75,1.0,1.0,1.0,1.0,0.0625,0,0.0,0.0,0.0,0,0,1
0.6099181337819587,1.0,1.0,0.5,0.5,0.5,0.14583333333333331,0,0.0,0.0,0.0,0,1,0
0.71713799966827,1.0,0.75,1.0,0.5,0.5,0.8749999999999999,0,0.0,0.0,0.0,1,0,0
0.6480670805392982,0.75,0.5,0.5,0.0,0.5,0.12499999999999999,0,0.0,0.0,0.0,1,0,0
0.2376845247968154,0.375,0.25,1.0,0.5,1.0,0.04166666666666667,0,0.0,0.0,0.0,0,0,1
0.126513517996351,0.25,0.5,0.5,0.5,0.5,0.0,0,0.0,0.0,0.0,0,1,0
0.08799137502073313,0.375,0.25,0.0,0.0,0.0,0.0625,0,0.0,0.0,0.0,1,0,0
0.10652974906997136,0.125,0.25,1.0,0.0,1.0,0.0,0,0.0,0.0,0.0,1,0,0
0.4716400492855959,0.5,0.5,1.0,1.0,1.0,0.9374999999999999,0,0.0,0.0,0.0,0,0,1
0.051361870009241056,0.0,0.0,0.5,0.5,0.5,0.8541666666666666,0,0.0,0.0,0.0,1,0,0
0.8936301921664337,1.0,0.75,1.0,0.5,1.0,0.7708333333333333,0,0.0,0.0,0.0,1,0,0
0.288326659242234,0.25,0.25,1.0,0.5,0.5,0.7499999999999999,0,0.0,0.0,0.0,1,0,0
0.4855342037295928,0.75,1.0,0.0,0.0,0.0,0.22916666666666666,0,0.0,0.0,0.0,1,0,0
0.4126572755491316,0.875,0.75,0.5,0.0,0.5,0.8541666666666666,0,0.0,0.0,0.0,0,1,0
0.6265786792408123,0.875,1.0,1.0,1.0,1.0,0.18749999999999997,0,0.0,0.0,0.0,1,0,0
0.8246451674051608,1.0,0.75,0.5,0.5,0.5,0.9583333333333333,0,0.0,0.0,0.0,0,1,0
0.008583513020401395,0.0,0.0,0.5,0.5,0.5,0.0,1,0.0,0.0,0.0,0,0,1
0.101811482596024,0.25,0.25,0.5,0.0,0.5,0.020833333333333332,0,0.0,0.0,0.0,0,1,0
0.15050470345710024,0.125,0.25,0.0,0.0,0.0,0.22916666666666666,0,0.0,0.0,0.0,0,0,1
0.3051915740587163,0.75,0.75,1.0,0.5,0.5,0.7916666666666666,0,0.0,0.0,0.0,0,1,0
0.2230232447930242,0.375,0.5,0.5,0.0,0.5,0.9791666666666666,1,0.0,0.0,0.0,1,0,0
0.49599258346563047,0.75,0.5,0.5,0.0,0.5,0.7291666666666666,0,0.0,0.0,0.0,1,0,0
0.35920136009288445,0.875,1.0,0.5,0.5,0.5,0.12499999999999999,0,0.0,0.0,0.0,0,1,0
0.36312584413430327,0.5,0.75,0.0,0.0,0.0,0.7708333333333333,1,0.0,0.0,0.0,0,0,1
0.013334360116579392,0.0,0.0,0.0,0.0,0.0,0.49999999999999994,0,0.0,0.0,0.0,0,0,1
0.5495136601663388,1.0,0.75,1.0,0.5,1.0,0.04166666666666667,0,0.0,0.0,0.0,0,0,1
0.2098310546643604,0.25,0.25,0.0,0.0,0.0,0.5416666666666666,0,0.0,0.0,0.0,0,1,0
0.23320024642797907,0.375,0.5,0.0,0.0,0.0,0.4791666666666667,0,0.0,0.0,0.0,0,1,0
0.3107302798379263,0.25,0.25,0.0,0.0,0.0,0.5416666666666666,0,0.0,0.0,0.0,1,0,0
0.5642993389095562,1.0,1.0,0.5,0.5,0.5,0.10416666666666667,0,0.0,0.0,0.0,1,0,0
0.07630974101367202,0.0,0.0,1.0,0.0,1.0,0.49999999999999994,0,0.0,0.0,0.0,1,0,0
0.5073691443736227,0.75,0.75,1.0,0.5,1.0,0.8749999999999999,0,0.0,0.0,0.0,0,0,1
0.526265905267398,0.75,0.75,0.0,0.0,0.0,0.6249999999999999,0,0.0,0.0,0.0,0,1,0
0.3456685543681729,0.625,0.75,0.0,0.0,0.0,0.8958333333333333,0,0.0,0.0,0.0,1,0,0
0.5300452574461532,0.875,0.5,0.5,0.0,0.5,0.16666666666666666,0,0.0,0.0,0.0,1,0,0
0.33499395777551366,0.375,0.75,0.0,0.0,0.0,0.7916666666666666,1,0.0,0.0,0.0,1,0,0
0.45543859441271956,0.75,0.75,0.0,0.0,0.0,0.5833333333333333,1,0.0,0.0,0.0,0,0,1
0.6069532971589697,1.0,0.75,0.5,0.5,0.5,0.2708333333333333,0,0.0,0.0,0.0,1,0,0
0.5237779304788759,0.625,0.75,0.5,0.5,0.5,0.7291666666666666,0,0.0,0.0,0.0,0,1,0
0.3332701466720376,0.25,0.5,0.5,0.5,0.5,0.5833333333333333,0,0.0,0.0,0.0,0,0,1
0.7265626851171718,1.0,0.75,1.0,1.0,1.0,0.8749999999999999,0,0.0,0.0,0.0,0,0,1
0.22223834798474046,0.125,0.25,0.5,0.5,0.5,0.8333333333333333,1,0.0,0.0,0.0,0,0,1
0.5688606260218467,0.5,0.75,0.0,0.0,0.0,0.7708333333333333,1,0.0,0.0,0.0,1,0,0
0.043782432528493245,0.0,0.0,0.0,0.0,0.0,0.4375,1,0.0,0.0,0.0,0,1,0
0.4302241546809469,0.5,0.75,0.0,0.0,0.0,0.22916666666666666,1,0.0,0.0,0.0,1,0,0
0.762641281425491,0.875,0.75,1.0,0.5,1.0,0.8124999999999999,0,0.0,0.0,0.0,0,0,1
0.10321244935194182,0.0,0.0,0.0,0.0,0.0,0.9999999999999999,0,0.0,0.0,0.0,0,1,0
0.23689370423903516,0.125,0.0,0.0,0.0,0.0,0.5208333333333333,0,0.0,0.0,0.0,0,0,1
0.5851124327654432,0.5,0.5,0.5,0.5,0.5,0.9374999999999999,0,0.0,0.0,0.0,1,0,0
0.10089922517356587,0.0,0.0,0.5,0.0,0.5,0.5624999999999999,0,0.0,0.0,0.0,0,1,0
0.019033007132194395,0.0,0.0,1.0,0.5,1.0,0.4166666666666667,0,0.0,0.0,0.0,0,0,1
0.0807081250148094,0.0,0.0,0.5,0.0,0.5,0.5416666666666666,0,0.0,0.0,0.0,1,0,0
0.2753329147217023,0.375,0.5,1.0,0.0,0.5,0.6666666666666666,1,0.0,0.0,0.0,0,0,1
0.7646879368765255,1.0,1.0,0.0,0.0,0.0,0.5833333333333333,0,0.0,0.0,0.0,1,0,0
0.5428701751060351,0.75,0.75,1.0,0.5,1.0,0.4791666666666667,1,0.0,0.0,0.0,1,0,0
0.20322311210103552,0.25,0.5,0.5,0.5,0.5,0.6458333333333333,0,0.0,0.0,0.0,0,0,1
0.11393739781532121,0.0,0.0,0.0,0.0,0.0,0.10416666666666667,0,0.0,0.0,0.0,0,0,1
0.45216868469066185,0.75,1.0,1.0,0.5,0.5,0.5416666666666666,0,0.0,0.0,0.0,1,0,0
0.42385316209748125,0.625,0.5,0.0,0.0,0.0,0.3125,0,0.0,0.0,0.0,0,0,1
0.4530542852403858,0.75,1.0,0.0,0.0,0.0,0.7291666666666666,0,0.0,0.0,0.0,0,1,0
0.11525247020354006,0.125,0.25,0.5,0.0,0.5,0.9583333333333333,0,0.0,0.0,0.0,0,0,1
0.3762469492690094,0.5,0.5,1.0,0.5,0.5,0.6041666666666666,0,0.0,0.0,0.0,0,0,1
0.15739402412150794,0.5,0.75,0.0,0.0,0.0,0.2916666666666667,0,0.0,0.0,0.0,0,0,1
0.13092078762173306,0.25,0.5,0.0,0.0,0.0,0.14583333333333331,0,0.0,0.0,0.0,1,0,0
0.17156955666658769,0.25,0.5,0.5,0.5,0.5,0.6249999999999999,1,0.0,0.0,0.0,0,0,1
0.4165343695945786,0.5,0.75,0.0,0.0,0.0,0.16666666666666666,1,0.0,0.0,0.0,1,0,0
0.2803414449209772,0.375,0.5,0.0,0.0,0.0,0.8541666666666666,0,0.0,0.0,0.0,0,1,0
0.31851112480155447,0.375,0.25,0.0,0.0,0.0,0.4166666666666667,0,0.0,0.0,0.0,0,1,0
0.43987394261071494,0.75,0.75,1.0,0.5,1.0,0.7916666666666666,0,0.0,0.0,0.0,0,1,0
0.09908359595289436,0.0,0.0,0.5,0.5,0.5,0.7916666666666666,0,0.0,0.0,0.0,0,0,1
0.7614328365282089,1.0,1.0,1.0,0.5,1.0,0.8749999999999999,0,0.0,0.0,0.0,0,0,1
0.5922327796602138,0.625,0.75,0.0,0.0,0.0,0.3958333333333333,0,0.0,0.0,0.0,0,1,0
0.42767694239745996,0.625,0.75,1.0,0.5,1.0,0.5208333333333333,0,0.0,0.0,0.0,0,0,1
0.2512380636447646,0.25,0.5,0.0,0.0,0.0,0.7708333333333333,0,0.0,0.0,0.0,0,1,0
0.006812311920953487,0.0,0.0,0.0,0.0,0.0,0.8749999999999999,0,0.0,0.0,0.0,1,0,0
0.28522853825557426,0.5,0.75,0.5,0.5,0.5,0.2708333333333333,0,0.0,0.0,0.0,0,1,0
0.08161445868777104,0.0,0.0,0.0,0.0,0.0,0.9791666666666666,0,0.0,0.0,0.0,0,1,0
0.4572305286354051,0.625,0.5,1.0,1.0,0.5,0.8333333333333333,0,0.0,0.0,0.0,0,1,0
0.2827198303438144,0.25,0.25,1.0,0.5,1.0,0.4166666666666667,0,0.0,0.0,0.0,1,0,0
0.2995284695400801,0.375,0.5,1.0,1.0,0.5,0.375,1,0.0,0.0,0.0,0,1,0
0.19267883799729876,0.25,0.25,1.0,0.0,0.5,0.2708333333333333,0,0.0,0.0,0.0,0,1,0
0.6927884273629837,1.0,0.75,1.0,0.5,1.0,0.16666666666666666,0,0.0,0.0,0.0,0,1,0
0.060475558609577526,0.0,0.0,0.5,0.5,0.5,0.8541666666666666,1,0.0,0.0,0.0,1,0,0
0.6184246380589058,0.75,0.5,0.0,0.0,0.0,0.0625,1,0.0,0.0,0.0,1,0,0
0.06543077506338413,0.0,0.0,0.0,0.0,0.0,0.4583333333333333,0,0.0,0.0,0.0,0,1,0
0.0990213965831813,0.125,0.25,0.5,0.0,0.5,0.4375,0,0.0,0.0,0.0,0,1,0
0.3812406700945431,0.375,0.5,0.5,0.5,0.5,0.3958333333333333,0,0.0,0.0,0.0,0,1,0
0.21884700139800492,0.625,0.75,1.0,1.0,1.0,0.375,1,0.0,0.0,0.0,0,0,1
0.08119979622301733,0.125,0.25,0.0,0.0,0.0,0.375,1,0.0,0.0,0.0,1,0,0
0.3245148449162382,0.25,0.0,0.0,0.0,0.0,0.4583333333333333,0,0.0,0.0,0.0,1,0,0
0.01384084069852854,0.0,0.0,0.0,0.0,0.0,0.6249999999999999,0,0.0,0.0,0.0,0,0,1
0.5272166670615833,0.625,0.75,0.0,0.0,0.0,0.9374999999999999,0,0.0,0.0,0.0,1,0,0
0.5575373788593228,0.75,0.75,0.0,0.0,0.0,0.375,1,0.0,0.0,0.0,1,0,0
0.1622574224581191,0.125,0.25,0.0,0.0,0.0,0.8958333333333333,0,0.0,0.0,0.0,0,1,0
0.22585479705234227,0.25,0.25,1.0,0.0,1.0,0.3958333333333333,0,0.0,0.0,0.0,0,1,0
0.43116010710139097,0.75,1.0,0.5,0.5,0.5,0.5208333333333333,0,0.0,0.0,0.0,1,0,0
0.5039570646636495,0.75,0.75,0.5,0.0,0.5,0.10416666666666667,1,0.0,0.0,0.0,0,0,1
0.6130192166433666,0.875,0.75,0.5,0.5,0.5,0.5624999999999999,0,0.0,0.0,0.0,0,1,0
0.08163815368575696,0.0,0.0,0.0,0.0,0.0,0.8333333333333333,0,0.0,0.0,0.0,0,0,1
0.2675787266308083,0.625,0.5,0.5,0.0,0.5,0.0625,1,0.0,0.0,0.0,1,0,0
0.4103677463687417,0.5,0.25,1.0,0.5,0.5,0.9999999999999999,0,0.0,0.0,0.0,1,0,0
0.330912494372438,0.875,0.75,0.5,0.0,0.5,0.8958333333333333,0,0.0,0.0,0.0,0,0,1
0.5161896073738833,0.5,0.75,1.0,0.5,0.5,0.16666666666666666,0,0.0,0.0,0.0,0,0,1
0.40957100206146485,0.75,0.75,1.0,0.0,1.0,0.9999999999999999,0,0.0,0.0,0.0,0,1,0
0.4957734047342607,0.75,1.0,0.0,0.0,0.0,0.2708333333333333,1,0.0,0.0,0.0,1,0,0
0.7503376537212995,1.0,1.0,1.0,1.0,1.0,0.6249999999999999,0,0.0,0.0,0.0,0,0,1
0.45038859796696923,0.75,1.0,1.0,1.0,0.5,0.5833333333333333,1,0.0,0.0,0.0,0,0,1
0.14030400682415944,0.0,0.0,1.0,0.5,1.0,0.9999999999999999,1,0.0,0.0,0.0,1,0,0
0.23445015757173665,0.25,0.25,0.0,0.0,0.0,0.4375,0,0.0,0.0,0.0,0,0,1
0.08939530365139921,0.0,0.0,0.5,0.5,0.5,0.16666666666666666,0,0.0,0.0,0.0,0,0,1
0.021278108191360806,0.0,0.0,0.0,0.0,0.0,0.20833333333333331,0,0.0,0.0,0.0,0,0,1
0.5306317086463047,1.0,0.75,1.0,1.0,0.5,0.49999999999999994,0,0.0,0.0,0.0,1,0,0
0.29920858706727016,0.5,0.75,0.5,0.0,0.5,0.6874999999999999,1,0.0,0.0,0.0,0,0,1
0.06440596640049287,0.0,0.0,0.0,0.0,0.0,0.7708333333333333,0,0.0,0.0,0.0,1,0,0
0.121442788427363,0.125,0.25,0.0,0.0,0.0,0.08333333333333333,0,0.0,0.0,0.0,1,0,0
0.07178103452361208,0.0,0.0,0.0,0.0,0.0,0.9583333333333333,0,0.0,0.0,0.0,0,0,1
0.7059509987441651,1.0,0.75,0.0,0.0,0.0,0.4583333333333333,0,0.0,0.0,0.0,0,0,1
0.4919644338080232,0.625,0.5,0.0,0.0,0.0,0.4375,0,0.0,0.0,0.0,1,0,0
